timestamp,species,tilenum,lon,lat,obs,fcst,assim_flag,kept
20150401_0300,9,6548,-109.60177612304688,55.92334747314453,0.3421483635902405,0.3155128061771393,1,False
20150401_1500,8,9449,-100.95453643798828,52.600711822509766,0.3145522475242615,0.32367682456970215,1,False
20150409_1800,8,5230,-114.09286499023438,54.406646728515625,0.3580431640148163,0.30477452278137207,1,False
20150409_1800,9,4813,-115.58916473388672,57.42535400390625,0.3639778196811676,0.28890928626060486,1,False
20150409_1800,9,5230,-114.09286499023438,54.406646728515625,0.35335415601730347,0.30477452278137207,1,False
20150410_0300,9,4813,-115.58917236328125,57.42535400390625,0.3302634358406067,0.2813524901866913,1,False
20150410_0300,9,5230,-114.09286499023438,54.40664291381836,0.3397073745727539,0.3010161221027374,1,False
20150410_0300,9,6548,-109.60177612304688,55.92334747314453,0.35468295216560364,0.2820911705493927,1,False
20150410_0600,9,5230,-114.09286499023438,54.40664291381836,0.333220511674881,0.2963208854198456,1,False
20150410_1800,9,4813,-115.58915710449219,57.42535400390625,0.3858649730682373,0.2827964425086975,1,False
20150410_1800,9,5230,-114.09286499023438,54.40664291381836,0.35423097014427185,0.2948421537876129,1,False
20150410_1800,9,6548,-109.60177612304688,55.92334747314453,0.38735124468803406,0.2965434789657593,1,False
20150411_0300,8,4813,-115.58915710449219,57.42535400390625,0.26882117986679077,0.2779390513896942,1,False
20150411_0300,8,5230,-114.09286499023438,54.40664291381836,0.33583343029022217,0.28281375765800476,1,False
20150411_0300,8,9449,-100.95453643798828,52.600711822509766,0.3148718476295471,0.28919193148612976,1,False
20150411_0300,9,6548,-109.60177612304688,55.92334747314453,0.375388503074646,0.29062989354133606,1,False
20150411_0300,9,9449,-100.95453643798828,52.600711822509766,0.34874093532562256,0.28919193148612976,1,False
20150411_0600,9,4813,-115.58915710449219,57.42535400390625,0.2996367812156677,0.2736242115497589,1,False
20150411_0600,9,5230,-114.09286499023438,54.40664291381836,0.33520370721817017,0.2955690622329712,1,False
20150411_0600,9,6548,-109.60177612304688,55.92334747314453,0.3606009781360626,0.3021070063114166,1,False
20150411_1800,8,4813,-115.58916473388672,57.425357818603516,0.3208326995372772,0.2754260301589966,1,False
20150411_1800,8,9449,-100.95453643798828,52.600711822509766,0.4077473282814026,0.29607534408569336,1,False
20150411_1800,9,4813,-115.58916473388672,57.425357818603516,0.3711848258972168,0.2754260301589966,1,False
20150411_1800,9,5230,-114.09286499023438,54.406646728515625,0.3445105254650116,0.2975063621997833,1,False
20150411_1800,9,6548,-109.60177612304688,55.9233512878418,0.41375309228897095,0.30189740657806396,1,False
20150412_0300,8,4813,-115.58915710449219,57.42535400390625,0.2856612801551819,0.2710020840167999,1,False
20150412_0300,8,5230,-114.09286499023438,54.40664291381836,0.31681469082832336,0.2796887457370758,1,False
20150412_0300,8,6548,-109.60177612304688,55.92334747314453,0.3605864644050598,0.2991814613342285,1,False
20150412_0300,9,6548,-109.60177612304688,55.92334747314453,0.3452152609825134,0.2991814613342285,1,False
20150412_0300,9,9449,-100.95453643798828,52.600711822509766,0.3638809025287628,0.2987586259841919,1,False
20150412_1800,8,3823,-119.69874572753906,56.93465042114258,0.3042825758457184,0.3074471056461334,1,False
20150412_1800,8,4813,-115.58916473388672,57.42535400390625,0.3271617591381073,0.2744305729866028,1,False
20150412_1800,8,5230,-114.1103744506836,54.43255615234375,0.3413979411125183,0.2774912714958191,1,False
20150412_1800,8,6548,-109.60177612304688,55.92334747314453,0.3623555898666382,0.2947840392589569,1,False
20150412_1800,8,9449,-100.95453643798828,52.600711822509766,0.36631157994270325,0.2976195514202118,1,False
20150412_1800,9,6548,-109.60177612304688,55.92334747314453,0.36820319294929504,0.2947840392589569,1,False
20150412_1800,9,9449,-100.95453643798828,52.600711822509766,0.37441393733024597,0.2976195514202118,1,False
20150413_0300,8,4813,-115.58917236328125,57.42535400390625,0.309391051530838,0.2726058065891266,1,False
20150413_0300,8,6548,-109.60177612304688,55.92334747314453,0.314878910779953,0.29492318630218506,1,False
20150413_0300,8,9449,-100.95453643798828,52.600711822509766,0.4143630862236023,0.2941701114177704,1,False
20150413_0300,9,9449,-100.95453643798828,52.600711822509766,0.38551613688468933,0.2941701114177704,1,False
20150413_0600,8,6548,-109.60177612304688,55.92334747314453,0.3481445014476776,0.2902694642543793,1,False
20150413_1500,9,9449,-100.95453643798828,52.600711822509766,0.368280291557312,0.3009295165538788,1,False
20150413_1800,8,4813,-115.58916473388672,57.425357818603516,0.33850809931755066,0.2767675817012787,1,False
20150413_1800,8,5230,-114.09286499023438,54.40664291381836,0.3168637454509735,0.2712497115135193,1,False
20150413_1800,8,6548,-109.60177612304688,55.9233512878418,0.35368573665618896,0.2878018915653229,1,False
20150413_1800,9,3823,-119.69874572753906,56.93465042114258,0.38262856006622314,0.3034907281398773,1,False
20150413_1800,9,9449,-100.95453643798828,52.600711822509766,0.391181081533432,0.3020888566970825,1,False
20150413_2100,9,3823,-119.69874572753906,56.93465805053711,0.370133638381958,0.30138492584228516,1,False
20150414_0300,8,9449,-100.95453643798828,52.600711822509766,0.3493569791316986,0.28912481665611267,1,False
20150414_0300,9,3823,-119.69876098632812,56.93465042114258,0.31521153450012207,0.2968163788318634,1,False
20150414_0300,9,4813,-115.58915710449219,57.42535400390625,0.27705061435699463,0.2756975293159485,1,False
20150414_0300,9,5230,-114.09286499023438,54.40664291381836,0.31797605752944946,0.2558862566947937,1,False
20150414_1800,8,5230,-114.09286499023438,54.406646728515625,0.3092673122882843,0.27056941390037537,1,False
20150414_1800,8,6548,-109.60177612304688,55.92334747314453,0.358759343624115,0.2830641567707062,1,False
20150414_1800,8,9449,-100.95453643798828,52.600711822509766,0.3654143214225769,0.294782429933548,1,False
20150414_1800,9,5230,-114.09286499023438,54.406646728515625,0.31620079278945923,0.27056941390037537,1,False
20150414_1800,9,9449,-100.95453643798828,52.600711822509766,0.3874446153640747,0.294782429933548,1,False
20150415_0300,8,9449,-100.95453643798828,52.600711822509766,0.3623073101043701,0.29522356390953064,1,False
20150415_0300,9,5230,-114.09286499023438,54.40664291381836,0.3148590326309204,0.27815011143684387,1,False
20150415_0300,9,6548,-109.60177612304688,55.92334747314453,0.43505704402923584,0.3069259226322174,1,False
20150415_0600,9,4813,-115.58915710449219,57.42535400390625,0.30890896916389465,0.27699095010757446,1,False
20150415_0600,9,5230,-114.09286499023438,54.40664291381836,0.3185393810272217,0.2781778872013092,1,False
20150415_1500,8,9449,-100.95453643798828,52.600711822509766,0.3680124282836914,0.30309799313545227,1,False
20150415_1800,8,9449,-100.95453643798828,52.600711822509766,0.35696378350257874,0.3058738708496094,1,False
20150415_1800,9,4813,-115.58916473388672,57.42535400390625,0.3460592031478882,0.28489750623703003,1,False
20150415_1800,9,5230,-114.09286499023438,54.40664291381836,0.32698702812194824,0.27620241045951843,1,False
20150415_1800,9,6548,-109.60177612304688,55.92334747314453,0.3798512816429138,0.3018620014190674,1,False
20150416_0300,8,4813,-115.58917236328125,57.42535400390625,0.3165251612663269,0.27458155155181885,1,False
20150416_0300,8,5230,-114.09286499023438,54.40664291381836,0.3136366903781891,0.26537296175956726,1,False
20150416_0300,8,9449,-100.92093658447266,52.63069534301758,0.2762241065502167,0.31284087896347046,1,False
20150416_0300,9,6548,-109.60177612304688,55.92334747314453,0.32887154817581177,0.28857672214508057,1,False
20150416_0300,9,9449,-100.95453643798828,52.600711822509766,0.3670644462108612,0.30154743790626526,1,False
20150416_0600,9,4813,-115.58915710449219,57.42535400390625,0.34920594096183777,0.27808624505996704,1,False
20150416_0600,9,5230,-114.09286499023438,54.40664291381836,0.3057701289653778,0.26904013752937317,1,False
20150416_1800,8,3823,-119.69874572753906,56.93465042114258,0.31406328082084656,0.29435691237449646,1,False
20150416_1800,8,4813,-115.58916473388672,57.42535400390625,0.34790268540382385,0.2833390235900879,1,False
20150416_1800,8,5230,-114.17323303222656,54.415863037109375,0.3423653542995453,0.27646130323410034,1,False
20150416_1800,8,9449,-100.95453643798828,52.600711822509766,0.41628244519233704,0.297669917345047,1,False
20150416_1800,9,4813,-115.54325866699219,57.34044647216797,0.4237578511238098,0.2974877655506134,1,False
20150416_1800,9,5230,-114.09286499023438,54.406646728515625,0.31775984168052673,0.2711755633354187,1,False
20150416_1800,9,6548,-109.6017837524414,55.9233512878418,0.39605051279067993,0.28712138533592224,1,False
20150417_0300,8,3823,-119.68120574951172,56.964683532714844,0.2545146942138672,0.2794173061847687,1,False
20150417_0300,8,4813,-115.58915710449219,57.42535400390625,0.29977715015411377,0.28163614869117737,1,False
20150417_0300,8,5230,-114.09286499023438,54.40664291381836,0.3009161651134491,0.2729344367980957,1,False
20150417_0300,8,6548,-109.60177612304688,55.92334747314453,0.36477169394493103,0.292974054813385,1,False
20150417_0300,9,6548,-109.60177612304688,55.92334747314453,0.3428855836391449,0.292974054813385,1,False
20150417_0300,9,9449,-100.95453643798828,52.600711822509766,0.3687064051628113,0.2950344681739807,1,False
20150417_0600,8,5230,-114.09286499023438,54.40664291381836,0.29111889004707336,0.2802174985408783,1,False
20150417_1500,9,9449,-100.95453643798828,52.600711822509766,0.3765823543071747,0.30419737100601196,1,False
20150417_1800,8,4813,-115.58916473388672,57.425357818603516,0.3428727388381958,0.28873011469841003,1,False
20150417_1800,8,5230,-114.09286499023438,54.40664291381836,0.3029968738555908,0.293996661901474,1,False
20150417_1800,8,6548,-109.60177612304688,55.92334747314453,0.3679390251636505,0.2942989468574524,1,False
20150417_1800,9,6548,-109.60177612304688,55.92334747314453,0.37638527154922485,0.2942989468574524,1,False
20150418_0300,8,9449,-100.95453643798828,52.600711822509766,0.36097729206085205,0.29369428753852844,1,False
20150418_0300,9,5230,-114.09286499023438,54.40664291381836,0.3052850663661957,0.28363344073295593,1,False
20150418_0300,9,9449,-100.95453643798828,52.600711822509766,0.36607664823532104,0.29369428753852844,1,False
20150418_0600,8,5230,-114.09286499023438,54.40664291381836,0.3051701784133911,0.28325167298316956,1,False
20150418_1500,9,9449,-100.95453643798828,52.600711822509766,0.31960853934288025,0.3126347064971924,1,False
20150418_1800,8,5230,-114.09286499023438,54.406646728515625,0.3171854019165039,0.28029027581214905,1,False
20150418_1800,8,6548,-109.60177612304688,55.9233512878418,0.38854333758354187,0.31967464089393616,1,False
20150418_1800,9,9449,-100.95453643798828,52.600711822509766,0.38448500633239746,0.3135264813899994,1,False
20150419_0300,8,6548,-109.60177612304688,55.92334747314453,0.26350224018096924,0.30960315465927124,1,False
20150419_0300,8,9449,-100.95453643798828,52.600711822509766,0.34102046489715576,0.30592164397239685,1,False
20150419_0300,9,4813,-115.58917236328125,57.42535400390625,0.31493908166885376,0.2950104773044586,1,False
20150419_0300,9,5230,-114.09286499023438,54.40664291381836,0.30170443654060364,0.27060040831565857,1,False
20150419_0300,9,6548,-109.62845611572266,55.872867584228516,0.3580274283885956,0.3182447552680969,1,False
20150419_1800,8,5230,-114.09286499023438,54.406646728515625,0.2951686382293701,0.2702719569206238,1,False
20150419_1800,8,6548,-109.60177612304688,55.92334747314453,0.3518504202365875,0.2987351417541504,1,False
20150419_1800,9,4813,-115.58916473388672,57.42535400390625,0.40315723419189453,0.28885123133659363,1,False
20150419_1800,9,5230,-114.09286499023438,54.406646728515625,0.30045026540756226,0.2702719569206238,1,False
20150420_0300,8,3823,-119.69876098632812,56.93465042114258,0.30782151222229004,0.2849006950855255,1,False
20150420_0300,9,4338,-117.43999481201172,59.57487106323242,0.43042781949043274,0.38333454728126526,1,False
20150420_0300,9,4813,-115.58917236328125,57.42535400390625,0.32816004753112793,0.2817654311656952,1,False
20150420_0300,9,5230,-114.09286499023438,54.40664291381836,0.3125292956829071,0.2638609707355499,1,False
20150420_0300,9,6548,-109.60177612304688,55.92334747314453,0.3451712429523468,0.2965584397315979,1,False
20150420_0600,9,3823,-119.69874572753906,56.93465042114258,0.32631638646125793,0.28709515929222107,1,False
20150420_0600,9,4813,-115.58915710449219,57.42535400390625,0.3319920599460602,0.2824018597602844,1,False
20150420_0600,9,6548,-109.60177612304688,55.92334747314453,0.33975160121917725,0.30153635144233704,1,False
20150420_1800,8,3823,-119.69874572753906,56.93465042114258,0.37535226345062256,0.29527485370635986,1,False
20150420_1800,8,4338,-117.43998718261719,59.57487106323242,0.44509750604629517,0.3968903720378876,1,False
20150420_1800,9,3823,-119.69874572753906,56.93465805053711,0.42290177941322327,0.29527485370635986,1,False
20150420_1800,9,4338,-117.43998718261719,59.57487869262695,0.49380043148994446,0.3968903720378876,1,False
20150420_1800,9,4813,-115.58916473388672,57.425357818603516,0.38688066601753235,0.28291091322898865,1,False
20150420_1800,9,5230,-114.09286499023438,54.40664291381836,0.3391989767551422,0.2703970968723297,1,False
20150420_1800,9,6548,-109.60177612304688,55.9233512878418,0.3918644189834595,0.29540005326271057,1,False
20150420_2100,8,4338,-117.43998718261719,59.57487106323242,0.46687087416648865,0.4135339558124542,1,False
20150421_0300,8,3823,-119.69874572753906,56.93465042114258,0.334681898355484,0.3014056980609894,1,False
20150421_0300,8,4338,-117.43999481201172,59.57487106323242,0.43696752190589905,0.40876534581184387,1,False
20150421_0300,8,4813,-115.58917236328125,57.42535400390625,0.3410508632659912,0.2805671691894531,1,False
20150421_0300,8,5230,-114.09286499023438,54.40664291381836,0.3027244806289673,0.26081207394599915,1,False
20150421_0300,9,6548,-109.60177612304688,55.92334747314453,0.33949461579322815,0.29494708776474,1,False
20150421_0600,8,3823,-119.69874572753906,56.93465042114258,0.3358888030052185,0.30176034569740295,1,False
20150421_1800,8,3823,-119.69874572753906,56.93465042114258,0.3937593996524811,0.3002642095088959,1,False
20150421_1800,8,4338,-117.43999481201172,59.57487106323242,0.46762585639953613,0.40967345237731934,1,False
20150421_1800,8,4813,-115.58916473388672,57.42535400390625,0.38990989327430725,0.28742823004722595,1,False
20150421_1800,8,5230,-114.09286499023438,54.406646728515625,0.2940409779548645,0.2672293484210968,1,False
20150421_1800,8,9449,-100.95453643798828,52.600711822509766,0.3201664388179779,0.2784378230571747,1,False
20150421_1800,9,5230,-114.09286499023438,54.406646728515625,0.3179977834224701,0.2672293484210968,1,False
20150421_1800,9,6548,-109.60177612304688,55.9233512878418,0.39360371232032776,0.29325538873672485,1,False
20150422_0300,8,4338,-117.43999481201172,59.57487106323242,0.45776912569999695,0.4109824001789093,1,False
20150422_0300,8,4813,-115.58917236328125,57.42535400390625,0.3602811098098755,0.28474894165992737,1,False
20150422_0300,8,5230,-114.09286499023438,54.40664291381836,0.3214132785797119,0.2536812424659729,1,False
20150422_0300,8,6548,-109.60177612304688,55.92334747314453,0.347034752368927,0.28892889618873596,1,False
20150422_0600,8,3823,-119.69874572753906,56.93465042114258,0.3426157236099243,0.33000120520591736,1,False
20150422_0600,8,4338,-117.43999481201172,59.57487106323242,0.4701126217842102,0.41010355949401855,1,False
20150422_0600,8,4813,-115.58915710449219,57.42535400390625,0.37249648571014404,0.29226750135421753,1,False
20150422_0600,8,5230,-114.09286499023438,54.40664291381836,0.3120383322238922,0.2573246359825134,1,False
20150422_1500,9,9449,-100.95453643798828,52.600711822509766,0.32185935974121094,0.2870999574661255,1,False
20150422_1800,8,4813,-115.58916473388672,57.425350189208984,0.3725799322128296,0.29098495841026306,1,False
20150422_1800,8,5230,-114.09286499023438,54.40664291381836,0.3124837577342987,0.25974318385124207,1,False
20150422_1800,8,6548,-109.60177612304688,55.92334747314453,0.346935510635376,0.28758594393730164,1,False
20150422_1800,9,6548,-109.60177612304688,55.92334747314453,0.3661128282546997,0.28758594393730164,1,False
20150423_0300,8,4338,-117.34257507324219,59.74941635131836,0.46509063243865967,0.41490820050239563,1,False
20150423_0300,8,6548,-109.60177612304688,55.92334747314453,0.3521900773048401,0.28482767939567566,1,False
20150423_0300,9,4813,-115.58915710449219,57.42535400390625,0.4553698003292084,0.3151523172855377,1,False
20150423_0600,8,4813,-115.58915710449219,57.42535400390625,0.4439138174057007,0.31016895174980164,1,False
20150423_0600,8,6548,-109.60177612304688,55.92334747314453,0.3347581624984741,0.29329144954681396,1,False
20150423_1500,9,9449,-100.92093658447266,52.63069534301758,0.2158161997795105,0.29636910557746887,1,False
20150423_1800,8,4813,-115.58916473388672,57.425357818603516,0.35671305656433105,0.3006760776042938,1,False
20150423_1800,8,6548,-109.60177612304688,55.9233512878418,0.3458717167377472,0.2903022766113281,1,False
20150423_1800,9,4813,-115.58916473388672,57.425357818603516,0.3775302469730377,0.3006760776042938,1,False
20150423_1800,9,9449,-100.95453643798828,52.600711822509766,0.33963486552238464,0.2579805552959442,1,False
20150424_0300,8,6548,-109.60177612304688,55.92334747314453,0.26991766691207886,0.28663769364356995,1,False
20150424_0300,9,4813,-115.58915710449219,57.42535400390625,0.351153701543808,0.28604206442832947,1,False
20150424_0300,9,6548,-109.60177612304688,55.92334747314453,0.336003839969635,0.28663769364356995,1,False
20150425_1800,9,4813,-115.58916473388672,57.425357818603516,0.295818030834198,0.27935418486595154,1,False
20150425_1800,9,6548,-109.60177612304688,55.9233512878418,0.32077664136886597,0.2781812846660614,1,False
20150426_1800,8,4338,-117.43999481201172,59.57487106323242,0.4364103674888611,0.40629318356513977,1,False
20150426_1800,8,4813,-115.58916473388672,57.42535400390625,0.35017654299736023,0.27588537335395813,1,False
20150426_1800,8,9449,-100.95453643798828,52.600711822509766,0.34130632877349854,0.30421650409698486,1,False
20150426_1800,9,6548,-109.60177612304688,55.9233512878418,0.3488563895225525,0.27791696786880493,1,False
20150426_1800,9,9449,-100.95453643798828,52.600711822509766,0.3933262526988983,0.30421650409698486,1,False
20150427_0300,8,4338,-117.43999481201172,59.57487106323242,0.4210558235645294,0.39878854155540466,1,False
20150427_0300,8,4813,-115.58917236328125,57.42535400390625,0.3196116089820862,0.2769812047481537,1,False
20150427_0300,8,5230,-114.09286499023438,54.40664291381836,0.30012795329093933,0.2578222155570984,1,False
20150427_0300,8,6548,-109.60177612304688,55.92334747314453,0.2982839345932007,0.2879253029823303,1,False
20150427_0300,9,9449,-100.95453643798828,52.600711822509766,0.32084164023399353,0.3005552887916565,1,False
20150427_0600,8,5230,-114.09286499023438,54.40664291381836,0.28324177861213684,0.2666180729866028,1,False
20150427_1500,9,9449,-100.95453643798828,52.600711822509766,0.3200131058692932,0.2989974915981293,1,False
20150427_1800,8,3823,-119.69874572753906,56.93465805053711,0.40120071172714233,0.3074898421764374,1,False
20150427_1800,8,4338,-117.43998718261719,59.57487106323242,0.46923744678497314,0.39608314633369446,1,False
20150427_1800,8,4813,-115.58916473388672,57.425357818603516,0.3698205351829529,0.28136172890663147,1,False
20150427_1800,8,5230,-114.09286499023438,54.40664291381836,0.3186948895454407,0.26971790194511414,1,False
20150427_1800,8,6548,-109.60177612304688,55.92334747314453,0.3717941343784332,0.28349769115448,1,False
20150427_1800,9,3823,-119.69874572753906,56.93465042114258,0.43956372141838074,0.307489812374115,1,False
20150427_1800,9,6548,-109.55728149414062,55.869049072265625,0.3958022892475128,0.25570401549339294,1,True
20150428_0300,8,6548,-109.60177612304688,55.92334747314453,0.365713894367218,0.2921135127544403,1,False
20150428_0300,8,9449,-100.95453643798828,52.600711822509766,0.279415100812912,0.2872202694416046,1,False
20150428_0300,9,3823,-119.69876098632812,56.93465042114258,0.3812696933746338,0.3204514682292938,1,False
20150428_0300,9,4338,-117.43999481201172,59.57487106323242,0.4372064471244812,0.39726853370666504,1,False
20150428_0300,9,4813,-115.58917236328125,57.42535400390625,0.3609500527381897,0.2755838632583618,1,False
20150428_0300,9,5230,-114.09286499023438,54.40664291381836,0.2874910533428192,0.26118507981300354,1,False
20150428_0300,9,9449,-100.95453643798828,52.600711822509766,0.28056320548057556,0.2872202694416046,1,False
20150428_0600,8,4813,-115.58915710449219,57.42535400390625,0.3376142084598541,0.27738049626350403,1,False
20150428_0600,8,5230,-114.09286499023438,54.40664291381836,0.2729547321796417,0.26314109563827515,1,False
20150428_0600,8,6548,-109.60177612304688,55.92334747314453,0.3497873544692993,0.2952802777290344,1,False
20150428_0600,9,3823,-119.69874572753906,56.93465042114258,0.36002078652381897,0.325595885515213,1,False
20150428_1800,8,4813,-115.54325866699219,57.34044647216797,0.40672919154167175,0.2919248044490814,1,False
20150428_1800,8,5230,-114.09286499023438,54.406646728515625,0.30350908637046814,0.2644815146923065,1,False
20150428_1800,8,6548,-109.6017837524414,55.9233512878418,0.41427260637283325,0.2893635332584381,1,False
20150428_1800,9,3823,-119.69874572753906,56.93465042114258,0.44423800706863403,0.3197768032550812,1,False
20150428_1800,9,4338,-117.43999481201172,59.57487106323242,0.5052201747894287,0.40033161640167236,1,False
20150428_1800,9,4813,-115.58916473388672,57.425357818603516,0.39740246534347534,0.27463725209236145,1,False
20150428_1800,9,9449,-100.95453643798828,52.600711822509766,0.4009960889816284,0.2823372781276703,1,False
20150429_0300,8,6548,-109.60177612304688,55.92334747314453,0.34481292963027954,0.2840743362903595,1,False
20150429_0300,8,9449,-100.95453643798828,52.600711822509766,0.31846848130226135,0.2853282392024994,1,False
20150429_0300,9,3823,-119.69874572753906,56.93465042114258,0.3859263062477112,0.30468639731407166,1,False
20150429_0300,9,4338,-117.43999481201172,59.57487106323242,0.5170384645462036,0.405830055475235,1,False
20150429_0300,9,4813,-115.58915710449219,57.42535400390625,0.3870832920074463,0.2710590362548828,1,False
20150429_0300,9,5230,-114.09286499023438,54.40664291381836,0.32696500420570374,0.2497062236070633,1,False
20150429_0300,9,6548,-109.60177612304688,55.92334747314453,0.3800153136253357,0.2840743362903595,1,False
20150429_0600,9,3823,-119.69874572753906,56.93465042114258,0.3790806233882904,0.31195807456970215,1,False
20150429_0600,9,4338,-117.43999481201172,59.57487106323242,0.5111651420593262,0.41040506958961487,1,False
20150429_0600,9,4813,-115.58915710449219,57.42535400390625,0.42118075489997864,0.27210405468940735,1,False
20150429_0600,9,5230,-114.09286499023438,54.40664291381836,0.3155715763568878,0.26048198342323303,1,False
20150429_1500,8,9449,-100.95453643798828,52.600711822509766,0.39126676321029663,0.2902950346469879,1,False
20150429_1800,8,6548,-109.60177612304688,55.92334747314453,0.3659364879131317,0.30041465163230896,1,False
20150429_1800,9,3823,-119.69874572753906,56.93465805053711,0.4085858464241028,0.3138943910598755,1,False
20150429_1800,9,4338,-117.43999481201172,59.57487106323242,0.49709171056747437,0.4087824821472168,1,False
20150429_1800,9,4813,-115.58915710449219,57.42535400390625,0.4018698036670685,0.2729659676551819,1,False
20150429_1800,9,5230,-114.1103744506836,54.43255615234375,0.31921643018722534,0.2787748873233795,1,False
20150429_1800,9,6548,-109.60177612304688,55.92334747314453,0.3716033399105072,0.30041465163230896,1,False
20150429_1800,9,9449,-100.95453643798828,52.600711822509766,0.39226099848747253,0.3048342168331146,1,False
20150430_0300,8,3823,-119.69874572753906,56.93465042114258,0.3432692885398865,0.30908748507499695,1,False
20150430_0300,8,4813,-115.66661071777344,57.26121520996094,0.3525005877017975,0.24248270690441132,1,True
20150430_0300,8,5230,-114.09286499023438,54.40664291381836,0.2652035355567932,0.2595636546611786,1,False
20150430_0300,8,9449,-100.95453643798828,52.600711822509766,0.3643395006656647,0.2840581238269806,1,False
20150430_0300,9,4338,-117.43999481201172,59.57487106323242,0.46868494153022766,0.39654457569122314,1,False
20150430_0300,9,4813,-115.58917236328125,57.42535400390625,0.3659835457801819,0.26730385422706604,1,False
20150430_0300,9,6548,-109.60177612304688,55.92334747314453,0.35999050736427307,0.2974931299686432,1,False
20150430_0300,9,9449,-100.95453643798828,52.600711822509766,0.4162173867225647,0.2840581238269806,1,False
20150430_0600,9,4338,-117.43999481201172,59.57487106323242,0.44553959369659424,0.4023461639881134,1,False
20150430_0600,9,4813,-115.58915710449219,57.42535400390625,0.3594323992729187,0.27268359065055847,1,False
20150430_0600,9,5230,-114.09286499023438,54.40664291381836,0.2847822308540344,0.2416805624961853,1,False
20150430_0600,9,6548,-109.60177612304688,55.92334747314453,0.3823929727077484,0.2991616129875183,1,False
20150430_1500,8,9449,-100.95453643798828,52.600711822509766,0.2963881492614746,0.31460753083229065,1,False
20150430_1800,8,3823,-119.69874572753906,56.93465042114258,0.3651328682899475,0.31038352847099304,1,False
20150430_1800,8,4338,-117.43999481201172,59.57487106323242,0.47103220224380493,0.40169504284858704,1,False
20150430_1800,8,4813,-115.58916473388672,57.425357818603516,0.3719828128814697,0.27584221959114075,1,False
20150430_1800,8,9449,-100.95453643798828,52.600711822509766,0.3477570712566376,0.3023124635219574,1,False
20150430_1800,9,4813,-115.58916473388672,57.425357818603516,0.36924245953559875,0.27584221959114075,1,False
20150430_1800,9,5230,-114.09286499023438,54.40664291381836,0.3065328896045685,0.24948209524154663,1,False
20150430_1800,9,6548,-109.60177612304688,55.9233512878418,0.3973197340965271,0.2915729284286499,1,False
20150501_0300,8,3823,-119.69876098632812,56.93465042114258,0.33873769640922546,0.30046793818473816,1,False
20150501_0300,8,4338,-117.43999481201172,59.57487106323242,0.43008124828338623,0.3925252854824066,1,False
20150501_0300,8,4813,-115.58915710449219,57.42535400390625,0.3165455460548401,0.27675217390060425,1,False
20150501_0300,8,5230,-114.09286499023438,54.40664291381836,0.2803422510623932,0.2476949542760849,1,False
20150501_0300,8,6548,-109.62364196777344,55.90507507324219,0.32887932658195496,0.2971929609775543,1,False
20150501_0300,9,6548,-109.60177612304688,55.92334747314453,0.33317893743515015,0.2907114326953888,1,False
20150501_0300,9,9449,-100.95453643798828,52.600711822509766,0.3530694246292114,0.29012560844421387,1,False
20150501_0600,8,4813,-115.58915710449219,57.42535400390625,0.29947561025619507,0.2768351435661316,1,False
20150501_0600,8,5230,-114.14525604248047,54.39274978637695,0.30174732208251953,0.24896113574504852,1,False
20150501_1800,8,3823,-119.69874572753906,56.93465042114258,0.3528103828430176,0.3067740499973297,1,False
20150501_1800,8,4338,-117.43999481201172,59.57487106323242,0.45944100618362427,0.3953808546066284,1,False
20150501_1800,8,4813,-115.58916473388672,57.425357818603516,0.34742045402526855,0.27580270171165466,1,False
20150501_1800,8,5230,-114.09286499023438,54.406646728515625,0.2966412603855133,0.2639612853527069,1,False
20150501_1800,8,9449,-100.95453643798828,52.600711822509766,0.36450091004371643,0.28724008798599243,1,False
20150501_1800,9,5230,-114.09286499023438,54.406646728515625,0.31789401173591614,0.2639612853527069,1,False
20150501_1800,9,6548,-109.60177612304688,55.92334747314453,0.3862795829772949,0.28908365964889526,1,False
20150501_1800,9,9449,-100.95453643798828,52.600711822509766,0.34329038858413696,0.28724008798599243,1,False
20150502_0300,8,4338,-117.43999481201172,59.57487106323242,0.4258591830730438,0.3954128324985504,1,False
20150502_0300,8,4813,-115.58917236328125,57.42535400390625,0.30805569887161255,0.27853450179100037,1,False
20150502_0300,8,5230,-114.09286499023438,54.40664291381836,0.2895091772079468,0.2599374055862427,1,False
20150502_0300,8,6548,-109.60177612304688,55.92334747314453,0.3228220045566559,0.28644320368766785,1,False
20150502_0300,9,3823,-119.69874572753906,56.93465042114258,0.3189722001552582,0.3138667047023773,1,False
20150502_0300,9,9449,-100.95453643798828,52.600711822509766,0.3499455749988556,0.28458133339881897,1,False
20150502_0600,8,4813,-115.58915710449219,57.42535400390625,0.29451265931129456,0.2796645164489746,1,False
20150502_0600,8,5230,-114.09286499023438,54.40664291381836,0.2685133218765259,0.24912507832050323,1,False
20150502_0600,8,6548,-109.60177612304688,55.92334747314453,0.3361417055130005,0.2891397178173065,1,False
20150502_1500,9,9449,-100.95453643798828,52.600711822509766,0.3571779727935791,0.29655978083610535,1,False
20150502_1800,8,3823,-119.69874572753906,56.93465042114258,0.3666124939918518,0.31115415692329407,1,False
20150502_1800,8,4813,-115.58915710449219,57.42535400390625,0.33399707078933716,0.2785011827945709,1,False
20150502_1800,8,6548,-109.60177612304688,55.9233512878418,0.34258344769477844,0.29189595580101013,1,False
20150502_1800,9,3823,-119.69874572753906,56.93465042114258,0.36095094680786133,0.31115415692329407,1,False
20150502_1800,9,9449,-100.95453643798828,52.600711822509766,0.353137344121933,0.3023037910461426,1,False
20150503_0300,8,6548,-109.60177612304688,55.92334747314453,0.30831724405288696,0.2945666015148163,1,False
20150503_0300,8,9449,-100.95453643798828,52.600711822509766,0.2948707044124603,0.28942644596099854,1,False
20150503_0300,9,3823,-119.69874572753906,56.93465042114258,0.34996503591537476,0.3188498020172119,1,False
20150503_0300,9,4813,-115.58917236328125,57.42535400390625,0.2901548445224762,0.2785933017730713,1,False
20150503_0300,9,5230,-114.09286499023438,54.40664291381836,0.3313808739185333,0.2544771134853363,1,False
20150503_0300,9,9449,-100.95208740234375,52.70429229736328,0.28334301710128784,0.26527154445648193,1,True
20150503_1800,8,5230,-114.09286499023438,54.406646728515625,0.3303901255130768,0.27055346965789795,1,False
20150503_1800,8,6548,-109.6017837524414,55.9233512878418,0.32360178232192993,0.2873322069644928,1,False
20150503_1800,9,4813,-115.58916473388672,57.42535400390625,0.29895174503326416,0.27925312519073486,1,False
20150503_1800,9,5230,-114.17323303222656,54.415863037109375,0.3086530268192291,0.27503904700279236,1,False
20150503_1800,9,9449,-100.95453643798828,52.600711822509766,0.3107050359249115,0.29190441966056824,1,False
20150504_0300,8,9449,-100.95453643798828,52.600711822509766,0.2781705856323242,0.28292229771614075,1,False
20150504_0300,9,4813,-115.58917236328125,57.42535400390625,0.28849753737449646,0.27329111099243164,1,False
20150504_0300,9,5230,-114.09286499023438,54.40664291381836,0.3205626904964447,0.27228114008903503,1,False
20150504_0300,9,6548,-109.60177612304688,55.92334747314453,0.2782061696052551,0.28170832991600037,1,False
20150504_0600,9,5230,-114.09286499023438,54.40664291381836,0.30853357911109924,0.27748265862464905,1,False
20150504_1500,8,9449,-100.95453643798828,52.600711822509766,0.31526631116867065,0.28308695554733276,1,False
20150504_1800,9,4338,-117.43999481201172,59.57487106323242,0.40944573283195496,0.3927263021469116,1,False
20150504_1800,9,5230,-114.09286499023438,54.40664291381836,0.3247508406639099,0.2724701762199402,1,False
20150504_1800,9,6548,-109.60177612304688,55.92334747314453,0.2990763485431671,0.27711915969848633,1,False
20150505_0300,8,4338,-117.43999481201172,59.57487106323242,0.3625868260860443,0.3856646716594696,1,False
20150505_0300,8,5230,-114.09286499023438,54.40664291381836,0.28192344307899475,0.2643451988697052,1,False
20150505_0300,8,9449,-100.95453643798828,52.600711822509766,0.260248064994812,0.2840993106365204,1,False
20150505_0300,9,4338,-117.43999481201172,59.57487106323242,0.4297349154949188,0.3856646716594696,1,False
20150505_0300,9,6548,-109.60177612304688,55.92334747314453,0.31426092982292175,0.2742557227611542,1,False
20150505_0300,9,9449,-100.95453643798828,52.600711822509766,0.30085811018943787,0.2840993106365204,1,False
20150505_0600,9,5230,-114.09286499023438,54.40664291381836,0.2954970598220825,0.26168200373649597,1,False
20150505_1500,8,9449,-100.92093658447266,52.63069534301758,0.26668816804885864,0.30866363644599915,1,False
20150505_1800,8,4338,-117.43998718261719,59.57487106323242,0.4360971748828888,0.3905275762081146,1,False
20150505_1800,9,6548,-109.60177612304688,55.9233512878418,0.32816407084465027,0.275987446308136,1,False
20150506_0300,8,4338,-117.43999481201172,59.57487106323242,0.398627370595932,0.38544026017189026,1,False
20150506_0300,8,6548,-109.60177612304688,55.92334747314453,0.30530816316604614,0.2914595305919647,1,False
20150506_0300,9,6548,-109.60177612304688,55.92334747314453,0.29496270418167114,0.2914595305919647,1,False
20150506_0300,9,9449,-100.95453643798828,52.600711822509766,0.2879195809364319,0.2807370126247406,1,False
20150506_1800,8,4338,-117.43998718261719,59.57487106323242,0.44352346658706665,0.3841242492198944,1,False
20150507_0300,8,4338,-117.43999481201172,59.57487106323242,0.42845287919044495,0.3848523795604706,1,False
20150507_0300,9,9449,-100.95453643798828,52.600711822509766,0.41827645897865295,0.3265387713909149,1,False
20150507_1800,9,4338,-117.43998718261719,59.57487869262695,0.4521538317203522,0.38775205612182617,1,False
20150507_2100,9,4338,-117.43998718261719,59.57487106323242,0.4838103950023651,0.39641833305358887,1,False
20150508_0300,9,4338,-117.43999481201172,59.57487106323242,0.40635013580322266,0.3936595916748047,1,False
20150508_1800,9,4813,-115.58916473388672,57.42535400390625,0.373047411441803,0.26629766821861267,1,False
20150509_0300,8,3823,-119.69874572753906,56.93465042114258,0.3489128351211548,0.3071232736110687,1,False
20150509_0300,9,4338,-117.43999481201172,59.57487106323242,0.4505990445613861,0.38144341111183167,1,False
20150509_0300,9,4813,-115.58915710449219,57.42535400390625,0.3279470205307007,0.28300741314888,1,False
20150509_0600,9,3823,-119.69874572753906,56.93465042114258,0.3458930552005768,0.3109598457813263,1,False
20150509_1800,8,3823,-119.69874572753906,56.93465042114258,0.4373248219490051,0.3124394714832306,1,False
20150509_1800,9,3823,-119.69874572753906,56.93465805053711,0.42811596393585205,0.3124394714832306,1,False
20150509_1800,9,4338,-117.43998718261719,59.57487106323242,0.45703136920928955,0.3872092664241791,1,False
20150509_1800,9,4813,-115.58916473388672,57.425357818603516,0.3606968820095062,0.2815781533718109,1,False
20150510_0300,8,3823,-119.69876098632812,56.93465042114258,0.4214451313018799,0.31765732169151306,1,False
20150510_0300,8,4338,-117.43999481201172,59.57487106323242,0.42123129963874817,0.3841388523578644,1,False
20150510_0300,8,4813,-115.58917236328125,57.42535400390625,0.2914268672466278,0.27578645944595337,1,False
20150510_0300,8,9449,-100.95453643798828,52.600711822509766,0.2859390377998352,0.2604725658893585,1,False
20150510_0300,9,4338,-117.31141662597656,59.66132354736328,0.4315309226512909,0.38919082283973694,1,False
20150510_0300,9,9449,-100.95453643798828,52.600711822509766,0.30820193886756897,0.2604725658893585,1,False
20150510_0600,8,3823,-119.69874572753906,56.93465042114258,0.39457470178604126,0.32082635164260864,1,False
20150510_0600,9,4338,-117.43999481201172,59.57487106323242,0.4113381505012512,0.3850712776184082,1,False
20150510_0600,9,4813,-115.58915710449219,57.42535400390625,0.301527202129364,0.27262821793556213,1,False
20150510_1800,8,3823,-119.69874572753906,56.93465042114258,0.464353084564209,0.3123832941055298,1,False
20150510_1800,8,4338,-117.43999481201172,59.57487106323242,0.48692792654037476,0.38156071305274963,1,False
20150510_1800,8,4813,-115.58916473388672,57.425357818603516,0.33650413155555725,0.2715330421924591,1,False
20150510_1800,8,9449,-100.95453643798828,52.600711822509766,0.25679653882980347,0.2807290256023407,1,False
20150510_1800,9,4813,-115.58916473388672,57.425357818603516,0.3762216866016388,0.2715330421924591,1,False
20150510_1800,9,6548,-109.60177612304688,55.92334747314453,0.40248602628707886,0.27236974239349365,1,False
20150511_0300,8,3823,-119.69874572753906,56.93465042114258,0.42687809467315674,0.3081790506839752,1,False
20150511_0300,8,4338,-117.43999481201172,59.57487106323242,0.45466530323028564,0.37697675824165344,1,False
20150511_0300,8,4813,-115.58915710449219,57.42535400390625,0.35926851630210876,0.2629443407058716,1,False
20150511_0300,8,5230,-114.09286499023438,54.40664291381836,0.28763607144355774,0.22641621530056,1,False
20150511_0300,8,6548,-109.60177612304688,55.92334747314453,0.31590089201927185,0.2860867977142334,1,False
20150511_0300,9,6548,-109.60177612304688,55.92334747314453,0.3100825548171997,0.2860867977142334,1,False
20150511_0600,8,3823,-119.69874572753906,56.93465042114258,0.37125107645988464,0.3236244022846222,1,False
20150511_0600,8,4338,-117.43999481201172,59.57487106323242,0.42873018980026245,0.38793888688087463,1,False
20150511_0600,8,4813,-115.58915710449219,57.42535400390625,0.31885960698127747,0.2658959925174713,1,False
20150511_0600,8,5230,-114.09286499023438,54.40664291381836,0.27184247970581055,0.2450835108757019,1,False
20150511_1800,8,3823,-119.69874572753906,56.93465042114258,0.4250613749027252,0.3166205585002899,1,False
20150511_1800,8,4338,-117.43999481201172,59.57487106323242,0.48481857776641846,0.38937070965766907,1,False
20150511_1800,8,4813,-115.58916473388672,57.42535400390625,0.38187840580940247,0.2652226388454437,1,False
20150511_1800,8,5230,-114.1103744506836,54.43255615234375,0.3151273727416992,0.24630951881408691,1,False
20150511_1800,8,6548,-109.60177612304688,55.92334747314453,0.3935678005218506,0.2857137620449066,1,False
20150511_1800,8,9449,-100.95453643798828,52.600711822509766,0.30042847990989685,0.2768678665161133,1,False
20150511_1800,9,9449,-100.95453643798828,52.600711822509766,0.2939101457595825,0.2768678665161133,1,False
20150512_0300,8,4338,-117.43999481201172,59.57487106323242,0.48799458146095276,0.3801586925983429,1,False
20150512_0300,8,4813,-115.58917236328125,57.42535400390625,0.369865357875824,0.26375097036361694,1,False
20150512_0300,8,6548,-109.60177612304688,55.92334747314453,0.34650567173957825,0.2885628342628479,1,False
20150512_0300,8,9449,-100.95453643798828,52.600711822509766,0.2719472646713257,0.27392542362213135,1,False
20150512_0300,9,3823,-119.69876098632812,56.93465042114258,0.4190525412559509,0.31004437804222107,1,False
20150512_0300,9,9449,-100.95453643798828,52.600711822509766,0.24344433844089508,0.27392542362213135,1,False
20150512_0600,8,4338,-117.43999481201172,59.57487106323242,0.4202320873737335,0.39306727051734924,1,False
20150512_0600,8,4813,-115.58915710449219,57.42535400390625,0.30464649200439453,0.2688429057598114,1,False
20150512_0600,8,5230,-114.09286499023438,54.40664291381836,0.24992740154266357,0.24160729348659515,1,False
20150512_0600,8,6548,-109.60177612304688,55.92334747314453,0.34204691648483276,0.29495248198509216,1,False
20150512_1500,9,9449,-100.95453643798828,52.600711822509766,0.3149944841861725,0.2701360285282135,1,False
20150512_1800,8,4813,-115.58916473388672,57.425357818603516,0.37201178073883057,0.26082077622413635,1,False
20150512_1800,8,5230,-114.09286499023438,54.40664291381836,0.2945125997066498,0.2368466854095459,1,False
20150512_1800,8,6548,-109.60177612304688,55.9233512878418,0.3918427526950836,0.2887021005153656,1,False
20150512_2100,9,3823,-119.69874572753906,56.93465805053711,0.4517492353916168,0.29946789145469666,1,False
20150512_2100,9,4338,-117.43998718261719,59.57487106323242,0.5175011157989502,0.37450382113456726,1,False
20150513_0300,8,6548,-109.60177612304688,55.92334747314453,0.3248184621334076,0.27667859196662903,1,False
20150513_0300,8,9449,-100.95453643798828,52.600711822509766,0.23713205754756927,0.2723836302757263,1,False
20150513_0300,9,3823,-119.69876098632812,56.93465042114258,0.40624040365219116,0.3092172145843506,1,False
20150513_0300,9,4338,-117.43999481201172,59.57487106323242,0.45235440135002136,0.3832348883152008,1,False
20150513_0300,9,4813,-115.58917236328125,57.42535400390625,0.33285805583000183,0.26162537932395935,1,False
20150513_0300,9,5230,-114.09286499023438,54.40664291381836,0.29700401425361633,0.23202814161777496,1,False
20150513_0600,9,3823,-119.69874572753906,56.93465042114258,0.3662768602371216,0.3165610432624817,1,False
20150513_0600,9,4338,-117.43999481201172,59.57487106323242,0.43626853823661804,0.38946378231048584,1,False
20150513_0600,9,4813,-115.61409759521484,57.41233444213867,0.3147374093532562,0.256654292345047,1,False
20150513_1800,8,5230,-114.09286499023438,54.406646728515625,0.2541569173336029,0.23895162343978882,1,False
20150513_1800,8,6548,-109.60177612304688,55.92334747314453,0.37106189131736755,0.2797401547431946,1,False
20150513_1800,8,9449,-100.95453643798828,52.600711822509766,0.24874797463417053,0.2666638195514679,1,False
20150513_1800,9,3823,-119.69874572753906,56.93465042114258,0.4465804994106293,0.3076308071613312,1,False
20150513_1800,9,4338,-117.43999481201172,59.57487106323242,0.5238654613494873,0.38451850414276123,1,False
20150513_1800,9,4813,-115.58915710449219,57.42535400390625,0.41213834285736084,0.258177250623703,1,False
20150513_1800,9,5230,-114.09286499023438,54.406646728515625,0.27404922246932983,0.23895162343978882,1,False
20150513_1800,9,9449,-100.95453643798828,52.600711822509766,0.30066707730293274,0.2666638195514679,1,False
20150514_0300,8,3823,-119.69874572753906,56.93465042114258,0.34325549006462097,0.30393776297569275,1,False
20150514_0300,8,9449,-100.95453643798828,52.600711822509766,0.24969156086444855,0.2738591432571411,1,False
20150514_0300,9,4338,-117.43999481201172,59.57487106323242,0.4926411509513855,0.37602129578590393,1,False
20150514_0300,9,4813,-115.58917236328125,57.42535400390625,0.3791976571083069,0.2586040198802948,1,False
20150514_0300,9,5230,-114.09286499023438,54.40664291381836,0.292434960603714,0.22715608775615692,1,False
20150514_0300,9,6548,-109.60177612304688,55.92334747314453,0.356040894985199,0.2764052450656891,1,False
20150514_0600,9,3823,-119.69874572753906,56.93465042114258,0.3123258650302887,0.30445435643196106,1,False
20150514_0600,9,4338,-117.43999481201172,59.57487106323242,0.43943214416503906,0.38535335659980774,1,False
20150514_0600,9,4813,-115.58915710449219,57.42535400390625,0.3458299934864044,0.2714589536190033,1,False
20150514_0600,9,5230,-114.09286499023438,54.40664291381836,0.27285036444664,0.2290671318769455,1,False
20150514_1500,8,9449,-100.95453643798828,52.600711822509766,0.308834046125412,0.26878848671913147,1,False
20150514_1800,8,3823,-119.69874572753906,56.93465042114258,0.37250494956970215,0.29887691140174866,1,False
20150514_1800,8,4338,-117.43998718261719,59.57487106323242,0.4900665879249573,0.3762474060058594,1,False
20150514_1800,8,9449,-100.95453643798828,52.600711822509766,0.28382349014282227,0.2803216278553009,1,False
20150514_1800,9,3823,-119.69874572753906,56.93465042114258,0.4012206196784973,0.29887691140174866,1,False
20150514_1800,9,4338,-117.43998718261719,59.57487869262695,0.49075040221214294,0.3762474060058594,1,False
20150514_1800,9,4813,-115.58916473388672,57.425357818603516,0.39663973450660706,0.26453280448913574,1,False
20150514_1800,9,5230,-114.09286499023438,54.406646728515625,0.2943057417869568,0.23177798092365265,1,False
20150514_2100,8,4338,-117.60650634765625,59.707740783691406,0.4301413893699646,0.4079589545726776,1,False
20150515_0300,8,3823,-119.69876098632812,56.93465042114258,0.3546275496482849,0.2971666753292084,1,False
20150515_0300,8,4338,-117.43999481201172,59.57487106323242,0.44273582100868225,0.37688323855400085,1,False
20150515_0300,8,4813,-115.58915710449219,57.42535400390625,0.3109551668167114,0.2552827298641205,1,False
20150515_0300,8,5230,-114.09286499023438,54.40664291381836,0.26476261019706726,0.22709417343139648,1,False
20150515_0300,8,9449,-100.92093658447266,52.63069534301758,0.29944151639938354,0.28433462977409363,1,False
20150515_0300,9,6548,-109.60177612304688,55.92334747314453,0.3918646574020386,0.26955175399780273,1,False
20150515_0300,9,9449,-100.95453643798828,52.600711822509766,0.27021193504333496,0.27941247820854187,1,False
20150515_0600,8,3823,-119.69874572753906,56.93465042114258,0.2969810664653778,0.30081209540367126,1,False
20150515_0600,8,4338,-117.54419708251953,59.53207778930664,0.4226084351539612,0.3798687160015106,1,False
20150515_0600,9,4813,-115.58915710449219,57.42535400390625,0.3053744435310364,0.25652384757995605,1,False
20150515_0600,9,5230,-114.09286499023438,54.40664291381836,0.2443999946117401,0.2305203676223755,1,False
20150515_0600,9,6548,-109.60177612304688,55.92334747314453,0.36771413683891296,0.29071900248527527,1,False
20150515_1800,8,3823,-119.69874572753906,56.93465042114258,0.41594263911247253,0.29966917634010315,1,False
20150515_1800,8,4338,-117.43999481201172,59.57487106323242,0.44652557373046875,0.3811051547527313,1,False
20150515_1800,8,4813,-115.59822845458984,57.43709945678711,0.3603995740413666,0.2560809850692749,1,False
20150515_1800,8,5230,-114.17323303222656,54.415863037109375,0.30903908610343933,0.23577980697155,1,False
20150515_1800,8,9449,-100.95453643798828,52.600711822509766,0.3150920867919922,0.2711477279663086,1,False
20150515_1800,9,4813,-115.54325866699219,57.34044647216797,0.4534912109375,0.27907758951187134,1,False
20150515_1800,9,5230,-114.09286499023438,54.406646728515625,0.27405983209609985,0.23453925549983978,1,False
20150515_1800,9,6548,-109.60177612304688,55.92334747314453,0.414659321308136,0.2828112542629242,1,False
20150516_0300,8,3823,-119.68120574951172,56.964683532714844,0.3745505213737488,0.2961820065975189,1,False
20150516_0300,8,4338,-117.43999481201172,59.57487106323242,0.3952370584011078,0.37653589248657227,1,False
20150516_0300,8,5230,-114.09286499023438,54.40664291381836,0.2818623185157776,0.2435281127691269,1,False
20150516_0300,8,6548,-109.60177612304688,55.92334747314453,0.3509742319583893,0.2767302095890045,1,False
20150516_0300,9,6548,-109.60177612304688,55.92334747314453,0.3373034596443176,0.2767302095890045,1,False
20150516_0300,9,9449,-100.95453643798828,52.600711822509766,0.2872866690158844,0.2683592736721039,1,False
20150516_0600,8,3823,-119.69874572753906,56.93465042114258,0.3249053955078125,0.3137325942516327,1,False
20150516_0600,8,4813,-115.58915710449219,57.42535400390625,0.30137068033218384,0.2828661799430847,1,False
20150516_0600,8,5230,-114.09286499023438,54.40664291381836,0.2666463255882263,0.2519339919090271,1,False
20150516_1500,9,9449,-100.95453643798828,52.600711822509766,0.3514889180660248,0.2696562707424164,1,False
20150516_1800,8,3823,-119.69874572753906,56.93465042114258,0.2849964201450348,0.30899304151535034,1,False
20150516_1800,8,4338,-117.43999481201172,59.57487106323242,0.3821958005428314,0.3742940127849579,1,False
20150516_1800,8,4813,-115.58915710449219,57.42535400390625,0.25536400079727173,0.27493762969970703,1,False
20150516_1800,8,5230,-114.09286499023438,54.40664291381836,0.28066369891166687,0.25471216440200806,1,False
20150516_1800,8,6548,-109.60177612304688,55.92334747314453,0.28550660610198975,0.2899477183818817,1,False
20150517_0300,8,4338,-117.43999481201172,59.57487106323242,0.4179534316062927,0.36259981989860535,1,False
20150517_0300,8,4813,-115.41458129882812,57.51648712158203,0.20953615009784698,0.32629966735839844,1,False
20150517_0300,8,6548,-109.60177612304688,55.92334747314453,0.28439566493034363,0.27574461698532104,1,False
20150517_0300,8,9449,-100.95453643798828,52.600711822509766,0.30550825595855713,0.2617157995700836,1,False
20150517_0300,9,3823,-119.69874572753906,56.93465042114258,0.29215165972709656,0.2902720272541046,1,False
20150517_0300,9,5230,-114.09286499023438,54.40664291381836,0.22521144151687622,0.23214326798915863,1,False
20150517_0300,9,9449,-100.95453643798828,52.600711822509766,0.28511154651641846,0.2617157995700836,1,False
20150517_1800,8,4813,-115.58916473388672,57.425357818603516,0.2674403190612793,0.24949991703033447,1,False
20150517_1800,8,5230,-114.09286499023438,54.406646728515625,0.2399609088897705,0.21840237081050873,1,False
20150517_1800,8,6548,-109.60177612304688,55.9233512878418,0.3202039301395416,0.2728610336780548,1,False
20150517_1800,9,3823,-119.69874572753906,56.93465805053711,0.38463521003723145,0.2877384126186371,1,False
20150517_1800,9,4338,-117.43998718261719,59.57487106323242,0.472650408744812,0.36858630180358887,1,False
20150518_0300,8,6548,-109.60177612304688,55.92334747314453,0.2153221219778061,0.27059030532836914,1,False
20150518_0300,8,9449,-100.95453643798828,52.600711822509766,0.2272089421749115,0.2603062093257904,1,False
20150518_0300,9,3823,-119.69876098632812,56.93465042114258,0.371776282787323,0.2939140498638153,1,False
20150518_0300,9,4338,-117.43999481201172,59.57487106323242,0.4327130913734436,0.3683305084705353,1,False
20150518_0300,9,4813,-115.58915710449219,57.42535400390625,0.28350767493247986,0.24255891144275665,1,False
20150518_0300,9,5230,-114.09286499023438,54.40664291381836,0.2637394964694977,0.21658475697040558,1,False
20150518_0300,9,6548,-109.62364196777344,55.90507507324219,0.31931260228157043,0.27695173025131226,1,False
20150518_0600,9,3823,-119.69874572753906,56.93465042114258,0.2949397563934326,0.30308806896209717,1,False
20150518_0600,9,4338,-117.43999481201172,59.57487106323242,0.4063566029071808,0.3771018981933594,1,False
20150518_0600,9,4813,-115.58915710449219,57.42535400390625,0.23891118168830872,0.24934814870357513,1,False
20150518_0600,9,5230,-114.19963073730469,54.41229248046875,0.2672851085662842,0.22545857727527618,1,False
20150518_1800,8,5230,-114.09286499023438,54.406646728515625,0.2299879789352417,0.229132279753685,1,False
20150518_1800,8,6548,-109.60177612304688,55.92334747314453,0.33799365162849426,0.2649810016155243,1,False
20150518_1800,8,9449,-100.95453643798828,52.600711822509766,0.24753405153751373,0.2529792785644531,1,False
20150518_1800,9,3823,-119.69874572753906,56.93465042114258,0.3969101011753082,0.2954729497432709,1,False
20150518_1800,9,4338,-117.43999481201172,59.57487106323242,0.4939618408679962,0.3718799352645874,1,False
20150518_1800,9,4813,-115.58916473388672,57.425357818603516,0.3700940012931824,0.2447805255651474,1,False
20150518_1800,9,5230,-114.09286499023438,54.406646728515625,0.26020103693008423,0.229132279753685,1,False
20150518_1800,9,9449,-100.95453643798828,52.600711822509766,0.24615737795829773,0.2529792785644531,1,False
20150519_0300,8,3823,-119.69876098632812,56.93465042114258,0.29952895641326904,0.29293596744537354,1,False
20150519_0300,8,9449,-100.95453643798828,52.600711822509766,0.1959916651248932,0.24743366241455078,1,False
20150519_0300,9,4338,-117.43999481201172,59.57487106323242,0.4925900101661682,0.3698596954345703,1,False
20150519_0300,9,4813,-115.58915710449219,57.42535400390625,0.3431325852870941,0.25053754448890686,1,False
20150519_0300,9,5230,-114.09286499023438,54.40664291381836,0.27640393376350403,0.21983523666858673,1,False
20150519_0300,9,6548,-109.60177612304688,55.92334747314453,0.3252381980419159,0.27149930596351624,1,False
20150519_0600,9,3823,-119.69874572753906,56.93465042114258,0.30375221371650696,0.2919699251651764,1,False
20150519_0600,9,4338,-117.43999481201172,59.57487106323242,0.42052266001701355,0.3850368559360504,1,False
20150519_0600,9,4813,-115.58915710449219,57.42535400390625,0.284231573343277,0.25700095295906067,1,False
20150519_0600,9,5230,-114.09286499023438,54.40664291381836,0.25226646661758423,0.21957726776599884,1,False
20150519_0600,9,6548,-109.60177612304688,55.92334747314453,0.3184102177619934,0.27825477719306946,1,False
20150519_1500,8,9449,-100.95453643798828,52.600711822509766,0.3217198848724365,0.23563195765018463,1,False
20150519_1800,8,3823,-119.69874572753906,56.93465042114258,0.3596000671386719,0.2889477610588074,1,False
20150519_1800,8,4338,-117.43998718261719,59.57487106323242,0.44294437766075134,0.3748027980327606,1,False
20150519_1800,8,9449,-100.95453643798828,52.600711822509766,0.3111470639705658,0.2570458948612213,1,False
20150519_1800,9,3823,-119.69874572753906,56.93465042114258,0.41353169083595276,0.2889477610588074,1,False
20150519_1800,9,4338,-117.43998718261719,59.57487106323242,0.46212026476860046,0.3748027980327606,1,False
20150519_1800,9,4813,-115.58916473388672,57.425357818603516,0.37226811051368713,0.25005707144737244,1,False
20150519_1800,9,5230,-114.09286499023438,54.406646728515625,0.28424519300460815,0.2234402298927307,1,False
20150519_1800,9,6548,-109.60177612304688,55.92334747314453,0.4228823482990265,0.27458277344703674,1,False
20150519_2100,8,4338,-117.43998718261719,59.57487106323242,0.4904358386993408,0.37729573249816895,1,False
20150520_0300,8,3823,-119.69876098632812,56.93465042114258,0.35709986090660095,0.2762705981731415,1,False
20150520_0300,8,4338,-117.43999481201172,59.57487106323242,0.428740918636322,0.3659329116344452,1,False
20150520_0300,8,4813,-115.58915710449219,57.42535400390625,0.2791782319545746,0.238880455493927,1,False
20150520_0300,8,5230,-114.09286499023438,54.40664291381836,0.2534363865852356,0.22053907811641693,1,False
20150520_0300,9,6548,-109.60177612304688,55.92334747314453,0.3949022889137268,0.27180707454681396,1,False
20150520_0300,9,9449,-100.95453643798828,52.600711822509766,0.27392199635505676,0.25370731949806213,1,False
20150520_0600,8,3823,-119.69874572753906,56.93465042114258,0.3178693950176239,0.2863142192363739,1,False
20150520_0600,8,4338,-117.43999481201172,59.57487106323242,0.41433823108673096,0.36738917231559753,1,False
20150520_0600,9,6548,-109.60177612304688,55.92334747314453,0.3212558329105377,0.28841322660446167,1,False
20150520_1800,8,3823,-119.69874572753906,56.93465042114258,0.41443222761154175,0.28412437438964844,1,False
20150520_1800,8,4338,-117.43999481201172,59.57487106323242,0.488150954246521,0.36475124955177307,1,False
20150520_1800,8,4813,-115.58916473388672,57.425357818603516,0.3438940942287445,0.24175608158111572,1,False
20150520_1800,8,5230,-114.09286499023438,54.406646728515625,0.2392754703760147,0.22602099180221558,1,False
20150520_1800,8,9449,-100.95453643798828,52.600711822509766,0.28238025307655334,0.25622209906578064,1,False
20150521_0300,8,4338,-117.43999481201172,59.57487106323242,0.4766521453857422,0.36468303203582764,1,False
20150521_0300,8,4813,-115.58917236328125,57.42535400390625,0.30846095085144043,0.23338715732097626,1,False
20150521_0300,8,5230,-114.09286499023438,54.40664291381836,0.268513560295105,0.20934760570526123,1,False
20150521_0300,8,6548,-109.60177612304688,55.92334747314453,0.3331347107887268,0.2603466808795929,1,False
20150521_0300,9,3823,-119.79264068603516,56.81563949584961,0.38768234848976135,0.3149457275867462,1,False
20150521_0300,9,9449,-100.95453643798828,52.600711822509766,0.28522443771362305,0.24787618219852448,1,False
20150521_0600,8,3823,-119.69874572753906,56.93465042114258,0.27476000785827637,0.2970421016216278,1,False
20150521_0600,8,4338,-117.43999481201172,59.57487106323242,0.43861478567123413,0.3766178786754608,1,False
20150521_0600,8,4813,-115.58915710449219,57.42535400390625,0.27585989236831665,0.24261069297790527,1,False
20150521_0600,8,5230,-114.09286499023438,54.40664291381836,0.25238364934921265,0.22314445674419403,1,False
20150521_1500,9,9449,-100.95453643798828,52.600711822509766,0.3422645926475525,0.2581775486469269,1,False
20150521_1800,8,3823,-119.69874572753906,56.93465805053711,0.39300400018692017,0.29026880860328674,1,False
20150521_1800,8,4338,-117.4200210571289,59.574668884277344,0.4589410126209259,0.3722679316997528,1,False
20150521_1800,8,4813,-115.58916473388672,57.42535400390625,0.37570884823799133,0.24124465882778168,1,False
20150521_1800,8,5230,-114.09286499023438,54.40664291381836,0.28216394782066345,0.22674204409122467,1,False
20150521_1800,8,6548,-109.60177612304688,55.92334747314453,0.3658762276172638,0.26381734013557434,1,False
20150522_0300,8,4338,-117.34257507324219,59.74941635131836,0.5319104790687561,0.3605322539806366,1,False
20150522_0300,8,6548,-109.60177612304688,55.92334747314453,0.362445205450058,0.26154738664627075,1,False
20150522_0300,8,9449,-100.95453643798828,52.600711822509766,0.25881052017211914,0.2619302570819855,1,False
20150522_0300,9,3823,-119.69874572753906,56.93465042114258,0.38242876529693604,0.3000589609146118,1,False
20150522_0300,9,4338,-117.43999481201172,59.57487106323242,0.4369801878929138,0.35951709747314453,1,False
20150522_0300,9,4813,-115.58915710449219,57.42535400390625,0.28237131237983704,0.2415999174118042,1,False
20150522_0300,9,5230,-114.09286499023438,54.40664291381836,0.2312358319759369,0.22126561403274536,1,False
20150522_0300,9,9449,-100.95453643798828,52.600711822509766,0.29824694991111755,0.2619302570819855,1,False
20150522_0600,8,4338,-117.43999481201172,59.57487106323242,0.41467106342315674,0.37726446986198425,1,False
20150522_0600,8,4813,-115.58915710449219,57.42535400390625,0.22971594333648682,0.23913276195526123,1,False
20150522_0600,8,5230,-114.09286499023438,54.40664291381836,0.2196168303489685,0.21264781057834625,1,False
20150522_0600,8,6548,-109.60177612304688,55.92334747314453,0.3433552086353302,0.274257093667984,1,False
20150522_0600,9,3823,-119.69874572753906,56.93465042114258,0.34619277715682983,0.3119843900203705,1,False
20150522_1800,8,4813,-115.58916473388672,57.425357818603516,0.31082743406295776,0.2299376279115677,1,False
20150522_1800,8,5230,-114.09286499023438,54.406646728515625,0.25870925188064575,0.2057514637708664,1,False
20150522_1800,8,6548,-109.60177612304688,55.9233512878418,0.41627657413482666,0.27051931619644165,1,False
20150522_1800,9,3823,-119.69874572753906,56.93465805053711,0.4382813274860382,0.30177533626556396,1,False
20150522_1800,9,4338,-117.43998718261719,59.57487106323242,0.4921686053276062,0.3663727343082428,1,False
20150523_0300,8,6548,-109.60177612304688,55.92334747314453,0.2672242224216461,0.26997843384742737,1,False
20150523_0300,8,9449,-100.95453643798828,52.600711822509766,0.28122684359550476,0.2430250644683838,1,False
20150523_0300,9,3823,-119.69874572753906,56.93465042114258,0.4259560704231262,0.2889116704463959,1,False
20150523_0300,9,4338,-117.43999481201172,59.57487106323242,0.44167661666870117,0.3606264889240265,1,False
20150523_0300,9,4813,-115.58917236328125,57.42535400390625,0.33061450719833374,0.22160185873508453,1,False
20150523_0300,9,5230,-114.09286499023438,54.40664291381836,0.27193352580070496,0.19710831344127655,1,False
20150523_0300,9,6548,-109.60177612304688,55.92334747314453,0.331592857837677,0.26997843384742737,1,False
20150523_0600,9,3823,-119.69874572753906,56.93465042114258,0.365530788898468,0.3121155798435211,1,False
20150523_0600,9,4338,-117.43999481201172,59.57487106323242,0.4368531107902527,0.37116941809654236,1,False
20150523_0600,9,4813,-115.58915710449219,57.42535400390625,0.31293147802352905,0.23685865104198456,1,False
20150523_0600,9,5230,-114.09286499023438,54.40664291381836,0.2421201467514038,0.21149009466171265,1,False
20150523_1500,8,9449,-100.95453643798828,52.600711822509766,0.28004297614097595,0.252120703458786,1,False
20150523_1800,8,6548,-109.60177612304688,55.92334747314453,0.33682143688201904,0.2703598141670227,1,False
20150523_1800,9,3823,-119.69874572753906,56.93465805053711,0.4119222164154053,0.30388185381889343,1,False
20150523_1800,9,4338,-117.43998718261719,59.57487106323242,0.4850667715072632,0.3739168643951416,1,False
20150523_1800,9,4813,-115.58916473388672,57.425357818603516,0.37253573536872864,0.23961035907268524,1,False
20150524_0300,8,3823,-119.69876098632812,56.93465042114258,0.35773658752441406,0.2935959994792938,1,False
20150524_0300,8,9449,-100.95453643798828,52.600711822509766,0.23936215043067932,0.24493622779846191,1,False
20150524_0300,9,4338,-117.43999481201172,59.57487106323242,0.47770237922668457,0.3652646541595459,1,False
20150524_0300,9,4813,-115.58917236328125,57.42535400390625,0.33531832695007324,0.23256586492061615,1,False
20150524_0300,9,6548,-109.60177612304688,55.92334747314453,0.34550389647483826,0.26396554708480835,1,False
20150524_0600,9,4338,-117.43999481201172,59.57487106323242,0.4131380319595337,0.37944459915161133,1,False
20150524_0600,9,4813,-115.58915710449219,57.42535400390625,0.299675315618515,0.24251621961593628,1,False
20150524_0600,9,5230,-114.09286499023438,54.40664291381836,0.25725457072257996,0.20168888568878174,1,False
20150524_0600,9,6548,-109.60177612304688,55.92334747314453,0.307465136051178,0.2701739966869354,1,False
20150524_1500,8,9449,-100.95453643798828,52.600711822509766,0.3064844310283661,0.2528659701347351,1,False
20150524_1800,8,3823,-119.69874572753906,56.93465042114258,0.4055267870426178,0.2895861566066742,1,False
20150524_1800,8,4338,-117.43999481201172,59.57487106323242,0.4571760892868042,0.3722932040691376,1,False
20150524_1800,8,9449,-100.95453643798828,52.600711822509766,0.31248632073402405,0.26288142800331116,1,False
20150524_1800,9,4813,-115.58916473388672,57.425357818603516,0.34367144107818604,0.24247746169567108,1,False
20150524_1800,9,5230,-114.09286499023438,54.406646728515625,0.2911197245121002,0.2159232497215271,1,False
20150524_1800,9,6548,-109.60177612304688,55.92334747314453,0.4131050705909729,0.26518744230270386,1,False
20150525_0300,8,3823,-119.69874572753906,56.93465042114258,0.3951656222343445,0.30056968331336975,1,False
20150525_0300,8,4338,-117.43999481201172,59.57487106323242,0.4364296495914459,0.3640681803226471,1,False
20150525_0300,8,4813,-115.58917236328125,57.42535400390625,0.3023722469806671,0.2356373816728592,1,False
20150525_0300,8,5230,-114.09286499023438,54.40664291381836,0.27378860116004944,0.21730275452136993,1,False
20150525_0300,9,6548,-109.60177612304688,55.92334747314453,0.4098305404186249,0.26432448625564575,1,False
20150525_0300,9,9449,-100.95453643798828,52.600711822509766,0.27436041831970215,0.25639423727989197,1,False
20150525_0600,8,3823,-119.69874572753906,56.93465042114258,0.35192930698394775,0.310608834028244,1,False
20150525_0600,8,4338,-117.43999481201172,59.57487106323242,0.41325661540031433,0.3692103326320648,1,False
20150525_0600,8,4813,-115.61409759521484,57.41233444213867,0.22074565291404724,0.23949630558490753,1,False
20150525_0600,9,6548,-109.60177612304688,55.92334747314453,0.33600088953971863,0.2858724892139435,1,False
20150525_1800,8,3823,-119.69874572753906,56.93465042114258,0.37945446372032166,0.3030405342578888,1,False
20150525_1800,8,4338,-117.43999481201172,59.57487106323242,0.46562039852142334,0.3621180057525635,1,False
20150525_1800,8,4813,-115.58915710449219,57.42535400390625,0.33423471450805664,0.23292551934719086,1,False
20150525_1800,8,5230,-114.09286499023438,54.406646728515625,0.24277400970458984,0.22018839418888092,1,False
20150525_1800,8,9449,-100.95453643798828,52.600711822509766,0.3005926311016083,0.2565642297267914,1,False
20150526_0300,8,4338,-117.43999481201172,59.57487106323242,0.40770336985588074,0.3542144000530243,1,False
20150526_0300,8,4813,-115.58917236328125,57.42535400390625,0.29329222440719604,0.23410601913928986,1,False
20150526_0300,8,5230,-114.09286499023438,54.40664291381836,0.2690401077270508,0.20416276156902313,1,False
20150526_0300,8,6548,-109.60177612304688,55.92334747314453,0.31012529134750366,0.24913157522678375,1,False
20150526_0300,9,3823,-119.69874572753906,56.93465042114258,0.3122246563434601,0.29608431458473206,1,False
20150526_0300,9,9449,-100.95453643798828,52.600711822509766,0.2907407283782959,0.25187644362449646,1,False
20150526_0600,8,3823,-119.69874572753906,56.93465042114258,0.2631223201751709,0.29432517290115356,1,False
20150526_0600,8,4338,-117.43999481201172,59.57487106323242,0.36163410544395447,0.35607650876045227,1,False
20150526_0600,8,4813,-115.58915710449219,57.42535400390625,0.2806518077850342,0.23866744339466095,1,False
20150526_0600,8,5230,-114.09286499023438,54.40664291381836,0.249733567237854,0.2127915769815445,1,False
20150526_1500,9,9449,-100.95453643798828,52.600711822509766,0.2792709171772003,0.2550717890262604,1,False
20150526_1800,8,3823,-119.69874572753906,56.93465042114258,0.3216301202774048,0.29065537452697754,1,False
20150526_1800,8,4338,-117.43998718261719,59.57487106323242,0.4028925597667694,0.3537308871746063,1,False
20150526_1800,8,4813,-115.58916473388672,57.42535400390625,0.2879655361175537,0.23871292173862457,1,False
20150526_1800,8,5230,-114.09286499023438,54.40664291381836,0.26780185103416443,0.21419669687747955,1,False
20150526_1800,8,6548,-109.60177612304688,55.92334747314453,0.29755863547325134,0.25501587986946106,1,False
20150527_0300,8,6548,-109.60177612304688,55.92334747314453,0.28868603706359863,0.2522488236427307,1,False
20150527_0300,8,9449,-100.95453643798828,52.600711822509766,0.19983230531215668,0.25089770555496216,1,False
20150527_0300,9,3823,-119.69874572753906,56.93465042114258,0.40152716636657715,0.2863132357597351,1,False
20150527_0300,9,4338,-117.43999481201172,59.57487106323242,0.38944050669670105,0.3425285816192627,1,False
20150527_0300,9,4813,-115.58915710449219,57.42535400390625,0.2360815852880478,0.22730593383312225,1,False
20150527_0300,9,5230,-114.09286499023438,54.40664291381836,0.23709803819656372,0.20819805562496185,1,False
20150527_0300,9,9449,-100.95453643798828,52.600711822509766,0.22007319331169128,0.25089770555496216,1,False
20150527_0600,8,4813,-115.58915710449219,57.42535400390625,0.22985562682151794,0.22356532514095306,1,False
20150527_0600,8,5230,-114.09286499023438,54.40664291381836,0.21768365800380707,0.21060365438461304,1,False
20150527_0600,8,6548,-109.60177612304688,55.92334747314453,0.2571788430213928,0.26013582944869995,1,False
20150527_0600,9,3823,-119.69874572753906,56.93465042114258,0.3486626148223877,0.3071552515029907,1,False
20150527_1800,8,4813,-115.54325866699219,57.34044647216797,0.29052266478538513,0.2395331710577011,1,False
20150527_1800,8,5230,-114.09286499023438,54.406646728515625,0.23074308037757874,0.20649917423725128,1,False
20150527_1800,8,6548,-109.60177612304688,55.9233512878418,0.3514556288719177,0.2559557259082794,1,False
20150527_1800,9,3823,-119.69874572753906,56.93465805053711,0.3459152281284332,0.30272525548934937,1,False
20150527_1800,9,4338,-117.43998718261719,59.57487106323242,0.37557634711265564,0.39491716027259827,1,False
20150528_0300,8,9449,-100.95453643798828,52.600711822509766,0.19842806458473206,0.23496848344802856,1,False
20150528_0300,9,3823,-119.69874572753906,56.93465042114258,0.2712613344192505,0.30725592374801636,1,False
20150528_0300,9,4338,-117.43999481201172,59.57487106323242,0.34542742371559143,0.3720613420009613,1,False
20150528_0300,9,4813,-115.58915710449219,57.42535400390625,0.21167699992656708,0.2738032639026642,1,False
20150528_0300,9,5230,-114.09286499023438,54.40664291381836,0.27654778957366943,0.20162107050418854,1,False
20150528_0600,9,3823,-119.69874572753906,56.93465042114258,0.22493112087249756,0.2957758605480194,1,False
20150528_0600,9,4813,-115.58915710449219,57.42535400390625,0.1818004846572876,0.26092490553855896,1,False
20150528_0600,9,5230,-114.09286499023438,54.40664291381836,0.25214317440986633,0.21206897497177124,1,False
20150528_1500,8,9449,-100.95453643798828,52.600711822509766,0.2331831455230713,0.22517599165439606,1,False
20150528_1800,8,6548,-109.60177612304688,55.92334747314453,0.24050943553447723,0.2913992404937744,1,False
20150528_1800,9,3823,-119.69874572753906,56.93465805053711,0.30173423886299133,0.2838340997695923,1,False
20150528_1800,9,4338,-117.43998718261719,59.57487106323242,0.3770599365234375,0.36413636803627014,1,False
20150528_1800,9,4813,-115.58916473388672,57.425357818603516,0.23446142673492432,0.2471962422132492,1,False
20150528_1800,9,5230,-114.153076171875,54.4348258972168,0.35967376828193665,0.2120705097913742,1,False
20150529_0300,8,3823,-119.69874572753906,56.93465042114258,0.24967825412750244,0.27516621351242065,1,False
20150529_0300,8,4338,-117.50341796875,59.5152587890625,0.3987770676612854,0.3546164333820343,1,False
20150529_0300,8,4813,-115.66661071777344,57.26121520996094,0.14118900895118713,0.21689057350158691,1,True
20150529_0300,8,5230,-114.09286499023438,54.40664291381836,0.16985607147216797,0.22178716957569122,1,False
20150529_0300,8,9449,-100.95453643798828,52.600711822509766,0.2927538752555847,0.24043810367584229,1,False
20150529_0300,9,4338,-117.43999481201172,59.57487106323242,0.4237712323665619,0.3527820110321045,1,False
20150529_0300,9,4813,-115.58917236328125,57.42535400390625,0.2325151562690735,0.23240666091442108,1,False
20150529_0300,9,6548,-109.60177612304688,55.92334747314453,0.25864025950431824,0.273833304643631,1,False
20150529_0300,9,9449,-100.95453643798828,52.600711822509766,0.36045384407043457,0.24043810367584229,1,False
20150529_0600,8,3823,-119.8102035522461,56.892093658447266,0.23544037342071533,0.30105847120285034,1,False
20150529_0600,9,4338,-117.43999481201172,59.57487106323242,0.3306913375854492,0.35840150713920593,1,False
20150529_0600,9,4813,-115.58915710449219,57.42535400390625,0.13940714299678802,0.22211898863315582,1,False
20150529_0600,9,5230,-114.09286499023438,54.40664291381836,0.199600487947464,0.20736657083034515,1,False
20150529_0600,9,6548,-109.60177612304688,55.92334747314453,0.21443916857242584,0.26689454913139343,1,False
20150529_1800,8,3823,-119.69874572753906,56.93465042114258,0.2984856367111206,0.27050086855888367,1,False
20150529_1800,8,4338,-117.43999481201172,59.57487106323242,0.403228759765625,0.3521009683609009,1,False
20150529_1800,8,4813,-115.58916473388672,57.425357818603516,0.2469286322593689,0.20951975882053375,1,False
20150529_1800,8,9449,-100.95453643798828,52.600711822509766,0.18260835111141205,0.2577323913574219,1,False
20150529_1800,9,4813,-115.58916473388672,57.425357818603516,0.24374431371688843,0.20951975882053375,1,False
20150529_1800,9,5230,-114.09286499023438,54.406646728515625,0.23923248052597046,0.20491021871566772,1,False
20150529_1800,9,6548,-109.60177612304688,55.92334747314453,0.2941460907459259,0.2629338204860687,1,False
20150530_0300,8,3823,-119.69874572753906,56.93465042114258,0.30879661440849304,0.26629161834716797,1,False
20150530_0300,8,4338,-117.43999481201172,59.57487106323242,0.40619808435440063,0.34172236919403076,1,False
20150530_0300,8,4813,-115.58915710449219,57.42535400390625,0.21742403507232666,0.2007056474685669,1,False
20150530_0300,8,5230,-114.09286499023438,54.40664291381836,0.2453382909297943,0.20445293188095093,1,False
20150530_0300,8,6548,-109.62364196777344,55.90507507324219,0.24702507257461548,0.2695882022380829,1,False
20150530_0300,9,6548,-109.60177612304688,55.92334747314453,0.21229909360408783,0.26378509402275085,1,False
20150530_0300,9,9449,-100.95453643798828,52.600711822509766,0.19056209921836853,0.2426699995994568,1,False
20150530_0600,8,3823,-119.69874572753906,56.93465042114258,0.2494843602180481,0.27502429485321045,1,False
20150530_0600,8,4338,-117.43999481201172,59.57487106323242,0.35915279388427734,0.35105445981025696,1,False
20150530_0600,8,4813,-115.58915710449219,57.42535400390625,0.13940714299678802,0.20298461616039276,1,False
20150530_0600,8,5230,-114.17323303222656,54.415863037109375,0.2703222632408142,0.21703414618968964,1,False
20150530_1800,8,3823,-119.69874572753906,56.93465042114258,0.29386335611343384,0.27387699484825134,1,False
20150530_1800,8,4338,-117.43999481201172,59.57487106323242,0.44186705350875854,0.3468668460845947,1,False
20150530_1800,8,4813,-115.58915710449219,57.42535400390625,0.27966591715812683,0.19429852068424225,1,False
20150530_1800,8,5230,-114.09286499023438,54.406646728515625,0.2219264805316925,0.21612398326396942,1,False
20150530_1800,8,9449,-100.95453643798828,52.600711822509766,0.2008306384086609,0.23441477119922638,1,False
20150531_0300,8,4338,-117.43999481201172,59.57487106323242,0.4520360231399536,0.34313371777534485,1,False
20150531_0300,8,4813,-115.58917236328125,57.42535400390625,0.26249533891677856,0.2046905755996704,1,False
20150531_0300,8,5230,-114.09286499023438,54.40664291381836,0.26040664315223694,0.20293931663036346,1,False
20150531_0300,8,6548,-109.60177612304688,55.92334747314453,0.29874756932258606,0.24296505749225616,1,False
20150531_0300,9,3823,-119.69876098632812,56.93465042114258,0.34500977396965027,0.2866104543209076,1,False
20150531_0300,9,9449,-100.95453643798828,52.600711822509766,0.19473795592784882,0.22361095249652863,1,False
20150531_0600,8,3823,-119.69874572753906,56.93465042114258,0.3314492404460907,0.29752930998802185,1,False
20150531_0600,8,4338,-117.43999481201172,59.57487106323242,0.38676998019218445,0.35485538840293884,1,False
20150531_0600,8,4813,-115.58915710449219,57.42535400390625,0.24787187576293945,0.21763865649700165,1,False
20150531_0600,8,5230,-114.09286499023438,54.40664291381836,0.23965957760810852,0.20966370403766632,1,False
20150531_0600,8,6548,-109.60177612304688,55.92334747314453,0.2649821937084198,0.2572667896747589,1,False
20150531_1500,9,9449,-100.95453643798828,52.600711822509766,0.27244508266448975,0.21878188848495483,1,False
20150531_1800,8,3823,-119.69874572753906,56.93465042114258,0.29740244150161743,0.3188243806362152,1,False
20150531_1800,8,4338,-117.43998718261719,59.57487106323242,0.3394228219985962,0.35054025053977966,1,False
20150531_1800,8,4813,-115.58915710449219,57.42535400390625,0.2831144630908966,0.23006676137447357,1,False
20150531_1800,8,5230,-114.09286499023438,54.40664291381836,0.3037976920604706,0.21300317347049713,1,False
20150531_2100,9,4338,-117.47454071044922,59.72857666015625,0.3302343189716339,0.3130052387714386,1,True
20150601_0300,8,6548,-109.60177612304688,55.92334747314453,0.35460594296455383,0.2864198386669159,1,False
20150601_0300,8,9449,-100.95453643798828,52.600711822509766,0.22439689934253693,0.2313082069158554,1,False
20150601_0300,9,4338,-117.43999481201172,59.57487106323242,0.36438649892807007,0.3416467010974884,1,False
20150601_0300,9,4813,-115.58915710449219,57.42535400390625,0.4553698003292084,0.25087103247642517,1,False
20150601_0300,9,5230,-114.13883209228516,54.43404769897461,0.27671313285827637,0.219765305519104,1,False
20150601_0600,8,6548,-109.60177612304688,55.92334747314453,0.425402969121933,0.28640398383140564,1,False
20150601_0600,9,3823,-119.69874572753906,56.93465042114258,0.23778197169303894,0.3318166732788086,1,False
20150601_0600,9,4338,-117.54419708251953,59.53207778930664,0.3594908118247986,0.34245064854621887,1,False
20150601_1800,8,5230,-114.13883209228516,54.434051513671875,0.22013333439826965,0.23056651651859283,1,False
20150601_1800,8,6548,-109.60177612304688,55.9233512878418,0.30832135677337646,0.28633207082748413,1,False
20150601_1800,9,3823,-119.69874572753906,56.93465042114258,0.2853144407272339,0.3073815107345581,1,False
20150601_1800,9,4338,-117.43999481201172,59.57487106323242,0.35840708017349243,0.3455260097980499,1,False
20150601_1800,9,4813,-115.58916473388672,57.42535400390625,0.20896312594413757,0.2585048973560333,1,False
20150601_1800,9,5230,-114.13883209228516,54.434051513671875,0.28912755846977234,0.23056651651859283,1,False
20150601_1800,9,9449,-100.95453643798828,52.600711822509766,0.28040340542793274,0.2365308403968811,1,False
20150602_0300,8,3823,-119.76318359375,56.86021041870117,0.31845295429229736,0.3215469419956207,1,False
20150602_0300,8,9449,-100.95453643798828,52.600711822509766,0.26227912306785583,0.23999546468257904,1,False
20150602_0300,9,3823,-119.68120574951172,56.964683532714844,0.3269250988960266,0.28925350308418274,1,False
20150602_0300,9,4338,-117.43999481201172,59.57487106323242,0.3823140263557434,0.33768928050994873,1,False
20150602_0300,9,4813,-115.58915710449219,57.42535400390625,0.2056792676448822,0.24221141636371613,1,False
20150602_0300,9,5230,-114.13883209228516,54.43404769897461,0.24248960614204407,0.21121031045913696,1,False
20150602_0300,9,6548,-109.60177612304688,55.92334747314453,0.2636639475822449,0.2722108066082001,1,False
20150602_0600,9,3823,-119.69874572753906,56.93465042114258,0.20656371116638184,0.28914132714271545,1,False
20150602_0600,9,4338,-117.43999481201172,59.57487106323242,0.34269022941589355,0.34125614166259766,1,False
20150602_0600,9,4813,-115.58915710449219,57.42535400390625,0.13940714299678802,0.23535992205142975,1,False
20150602_0600,9,5230,-114.13883209228516,54.43404769897461,0.2039816975593567,0.21919633448123932,1,False
20150602_1500,8,9449,-100.95453643798828,52.600711822509766,0.25618618726730347,0.24635058641433716,1,False
20150602_1800,8,6548,-109.60177612304688,55.92334747314453,0.27489039301872253,0.26515844464302063,1,False
20150602_1800,9,3823,-119.69874572753906,56.93465042114258,0.35873663425445557,0.27405354380607605,1,False
20150602_1800,9,4338,-117.43998718261719,59.57487106323242,0.4154462218284607,0.33308249711990356,1,False
20150602_1800,9,4813,-115.58916473388672,57.425357818603516,0.2935125231742859,0.21984855830669403,1,False
20150602_1800,9,5230,-114.13883209228516,54.434051513671875,0.20893198251724243,0.21155738830566406,1,False
20150603_0300,8,3823,-119.69874572753906,56.93465042114258,0.35515934228897095,0.27830377221107483,1,False
20150603_0300,8,4338,-117.43999481201172,59.57487106323242,0.3723086714744568,0.331519216299057,1,False
20150603_0300,8,4813,-115.58915710449219,57.42535400390625,0.2517663240432739,0.22074617445468903,1,False
20150603_0300,8,5230,-114.13883209228516,54.43404769897461,0.17797593772411346,0.20583118498325348,1,False
20150603_0300,8,9449,-100.95453643798828,52.600711822509766,0.17915236949920654,0.23223334550857544,1,False
20150603_0300,9,4338,-117.43999481201172,59.57487106323242,0.4574125409126282,0.331519216299057,1,False
20150603_0300,9,6548,-109.60177612304688,55.92334747314453,0.33205920457839966,0.2578885555267334,1,False
20150603_0300,9,9449,-100.95453643798828,52.600711822509766,0.199649840593338,0.23223334550857544,1,False
20150603_0600,8,3823,-119.69874572753906,56.93465042114258,0.2765333950519562,0.2885550260543823,1,False
20150603_0600,9,4338,-117.43999481201172,59.57487106323242,0.3872324228286743,0.3546273708343506,1,False
20150603_0600,9,4813,-115.58915710449219,57.42535400390625,0.24662500619888306,0.2241605967283249,1,False
20150603_0600,9,5230,-114.13883209228516,54.43404769897461,0.21436747908592224,0.19773443043231964,1,False
20150603_0600,9,6548,-109.60177612304688,55.92334747314453,0.3174765706062317,0.2682085931301117,1,False
20150603_1500,8,9449,-100.940185546875,52.512123107910156,0.23029667139053345,0.21835605800151825,1,False
20150603_1800,8,3823,-119.69874572753906,56.93465042114258,0.36465582251548767,0.28292372822761536,1,False
20150603_1800,8,4338,-117.43999481201172,59.57487106323242,0.42729708552360535,0.34707364439964294,1,False
20150603_1800,8,4813,-115.58916473388672,57.425357818603516,0.25148412585258484,0.22304929792881012,1,False
20150603_1800,8,9449,-100.95453643798828,52.600711822509766,0.22714534401893616,0.22195889055728912,1,False
20150603_1800,9,4813,-115.58916473388672,57.425357818603516,0.2823525071144104,0.22304929792881012,1,False
20150603_1800,9,5230,-114.13883209228516,54.434051513671875,0.25050607323646545,0.19863635301589966,1,False
20150603_1800,9,6548,-109.60177612304688,55.92334747314453,0.3484685719013214,0.27964264154434204,1,False
20150604_0300,8,3823,-119.69876098632812,56.93465042114258,0.36435216665267944,0.2753400504589081,1,False
20150604_0300,8,4338,-117.43999481201172,59.57487106323242,0.4396752119064331,0.3460134267807007,1,False
20150604_0300,8,4813,-115.58917236328125,57.42535400390625,0.30539605021476746,0.21628808975219727,1,False
20150604_0300,8,5230,-114.13883209228516,54.43404769897461,0.2550640404224396,0.19565238058567047,1,False
20150604_0300,8,6548,-109.60177612304688,55.92334747314453,0.27745646238327026,0.2704507112503052,1,False
20150604_0300,9,6548,-109.60177612304688,55.92334747314453,0.2749451696872711,0.2704507112503052,1,False
20150604_0300,9,9449,-100.95453643798828,52.600711822509766,0.21334239840507507,0.22220176458358765,1,False
20150604_0600,8,3823,-119.69874572753906,56.93465042114258,0.31859591603279114,0.2889220416545868,1,False
20150604_0600,8,4338,-117.43999481201172,59.57487106323242,0.4260912537574768,0.35830262303352356,1,False
20150604_0600,8,4813,-115.58915710449219,57.42535400390625,0.28294768929481506,0.23452971875667572,1,False
20150604_0600,8,5230,-114.13883209228516,54.43404769897461,0.21873962879180908,0.21193337440490723,1,False
20150604_1800,8,3823,-119.69874572753906,56.93465042114258,0.36120539903640747,0.28955262899398804,1,False
20150604_1800,8,4338,-117.43999481201172,59.57487106323242,0.4328378736972809,0.3533123731613159,1,False
20150604_1800,8,4813,-115.58916473388672,57.425357818603516,0.3358411192893982,0.23004315793514252,1,False
20150604_1800,8,5230,-114.13883209228516,54.434051513671875,0.24753281474113464,0.20892786979675293,1,False
20150604_1800,8,9449,-100.95453643798828,52.600711822509766,0.23482775688171387,0.22050876915454865,1,False
20150604_1800,9,9449,-100.95453643798828,52.600711822509766,0.23150533437728882,0.22050876915454865,1,False
20150605_0300,8,4338,-117.43999481201172,59.57487106323242,0.4560779631137848,0.3512169420719147,1,False
20150605_0300,8,4813,-115.58917236328125,57.42535400390625,0.3306560516357422,0.22031362354755402,1,False
20150605_0300,8,6548,-109.60177612304688,55.92334747314453,0.35229185223579407,0.24159830808639526,1,False
20150605_0300,9,3823,-119.69874572753906,56.93465042114258,0.3483729660511017,0.3006533682346344,1,False
20150605_0300,9,9449,-100.95453643798828,52.600711822509766,0.23342213034629822,0.21963433921337128,1,False
20150605_0600,8,4338,-117.43999481201172,59.57487106323242,0.3830869197845459,0.3635749816894531,1,False
20150605_0600,8,4813,-115.58915710449219,57.42535400390625,0.2940572202205658,0.23611003160476685,1,False
20150605_0600,8,5230,-114.13883209228516,54.43404769897461,0.30063918232917786,0.21685008704662323,1,False
20150605_0600,8,6548,-109.60177612304688,55.92334747314453,0.30726557970046997,0.2679764926433563,1,False
20150605_1500,9,9449,-100.95453643798828,52.600711822509766,0.30488166213035583,0.2289842963218689,1,False
20150605_1800,8,3823,-119.57514953613281,56.732688903808594,0.22485913336277008,0.27283015847206116,1,True
20150605_1800,8,4338,-117.3810806274414,59.46492004394531,0.35707196593284607,0.34738728404045105,1,False
20150605_1800,8,4813,-115.58916473388672,57.425357818603516,0.2944697141647339,0.23187370598316193,1,False
20150605_1800,8,5230,-114.13883209228516,54.43404769897461,0.29562827944755554,0.22745876014232635,1,False
20150605_1800,8,6548,-109.60177612304688,55.9233512878418,0.35445642471313477,0.2622566521167755,1,False
20150605_2100,9,4338,-117.43998718261719,59.57487106323242,0.49257564544677734,0.34436216950416565,1,False
20150606_0300,8,6548,-109.60177612304688,55.92334747314453,0.36733201146125793,0.25643816590309143,1,False
20150606_0300,8,9449,-100.95453643798828,52.600711822509766,0.2584894895553589,0.2773205041885376,1,False
20150606_0300,9,3823,-119.69876098632812,56.93465042114258,0.4175887107849121,0.2725493907928467,1,False
20150606_0300,9,4338,-117.43999481201172,59.57487106323242,0.4364602565765381,0.3563397228717804,1,False
20150606_0300,9,4813,-115.58917236328125,57.42535400390625,0.3464030623435974,0.2189169079065323,1,False
20150606_0300,9,5230,-114.13883209228516,54.43404769897461,0.2761548161506653,0.2126467078924179,1,False
20150606_0600,8,6548,-109.60177612304688,55.92334747314453,0.3027523458003998,0.27895358204841614,1,False
20150606_0600,9,3823,-119.69874572753906,56.93465042114258,0.3771776854991913,0.2893075942993164,1,False
20150606_0600,9,4338,-117.43999481201172,59.57487106323242,0.43140414357185364,0.3608127534389496,1,False
20150606_1800,8,5230,-114.13883209228516,54.434051513671875,0.21955925226211548,0.2138221263885498,1,False
20150606_1800,8,6548,-109.60177612304688,55.9233512878418,0.36187267303466797,0.26734650135040283,1,False
20150606_1800,8,9449,-100.95453643798828,52.600711822509766,0.29395920038223267,0.2867913544178009,1,False
20150606_1800,9,3823,-119.69874572753906,56.93465042114258,0.38851088285446167,0.2888697683811188,1,False
20150606_1800,9,4338,-117.43999481201172,59.57487106323242,0.4744076132774353,0.3509298264980316,1,False
20150606_1800,9,4813,-115.58916473388672,57.42535400390625,0.3372972011566162,0.2314179688692093,1,False
20150606_1800,9,5230,-114.13883209228516,54.434051513671875,0.2270333170890808,0.2138221263885498,1,False
20150606_1800,9,9449,-100.95453643798828,52.600711822509766,0.28226789832115173,0.2867913544178009,1,False
20150607_0300,8,3823,-119.69876098632812,56.93465042114258,0.2892056107521057,0.282527357339859,1,False
20150607_0300,8,9449,-100.95453643798828,52.600711822509766,0.24223583936691284,0.27442729473114014,1,False
20150607_0300,9,4338,-117.43999481201172,59.57487106323242,0.4655352830886841,0.34222880005836487,1,False
20150607_0300,9,4813,-115.58917236328125,57.42535400390625,0.36285141110420227,0.2200959175825119,1,False
20150607_0300,9,5230,-114.13883209228516,54.43404769897461,0.2856801450252533,0.19061212241649628,1,False
20150607_0300,9,6548,-109.60177612304688,55.92334747314453,0.3291185796260834,0.2673134505748749,1,False
20150607_0600,9,3823,-119.69874572753906,56.93465042114258,0.29500240087509155,0.280021607875824,1,False
20150607_0600,9,4338,-117.43999481201172,59.57487106323242,0.43235164880752563,0.3593476712703705,1,False
20150607_0600,9,4813,-115.58915710449219,57.42535400390625,0.33543065190315247,0.2312757968902588,1,False
20150607_0600,9,5230,-114.13883209228516,54.43404769897461,0.25516197085380554,0.20666110515594482,1,False
20150607_1500,8,9449,-100.95453643798828,52.600711822509766,0.2714358866214752,0.2673659026622772,1,False
20150607_1800,8,3823,-119.69874572753906,56.93465042114258,0.3375648260116577,0.2788945138454437,1,False
20150607_1800,8,6548,-109.57804870605469,55.922088623046875,0.33377382159233093,0.23851197957992554,1,True
20150607_1800,9,3823,-119.69874572753906,56.93465805053711,0.32928797602653503,0.2788945138454437,1,False
20150607_1800,9,4338,-117.43998718261719,59.57487106323242,0.42114773392677307,0.3517642319202423,1,False
20150607_1800,9,4813,-115.58916473388672,57.425357818603516,0.33061474561691284,0.22934196889400482,1,False
20150607_1800,9,5230,-114.13883209228516,54.434051513671875,0.3043161928653717,0.20735085010528564,1,False
20150608_0300,8,3823,-119.69874572753906,56.93465042114258,0.3634668290615082,0.2783377468585968,1,False
20150608_0300,8,4338,-117.43999481201172,59.57487106323242,0.39433443546295166,0.34237802028656006,1,False
20150608_0300,8,4813,-115.58915710449219,57.42535400390625,0.3567464351654053,0.2230333536863327,1,False
20150608_0300,8,5230,-114.13883209228516,54.43404769897461,0.23903000354766846,0.20260094106197357,1,False
20150608_0300,8,9449,-100.95453643798828,52.600711822509766,0.23261934518814087,0.25056543946266174,1,False
20150608_0300,9,4338,-117.34257507324219,59.74941635131836,0.4750887453556061,0.3441317081451416,1,False
20150608_0300,9,6548,-109.60177612304688,55.92334747314453,0.3660861849784851,0.2565760612487793,1,False
20150608_0300,9,9449,-100.95453643798828,52.600711822509766,0.25254207849502563,0.25056543946266174,1,False
20150608_0600,8,3823,-119.69874572753906,56.93465042114258,0.35284653306007385,0.29009151458740234,1,False
20150608_0600,9,4338,-117.43999481201172,59.57487106323242,0.39016902446746826,0.3564631938934326,1,False
20150608_0600,9,4813,-115.58915710449219,57.42535400390625,0.4163728952407837,0.23132048547267914,1,False
20150608_0600,9,5230,-114.13883209228516,54.43404769897461,0.23344901204109192,0.20582498610019684,1,False
20150608_0600,9,6548,-109.60177612304688,55.92334747314453,0.3643662929534912,0.26463332772254944,1,False
20150608_1800,8,3823,-119.69874572753906,56.93465042114258,0.307705819606781,0.29276043176651,1,False
20150608_1800,8,4338,-117.43999481201172,59.57487106323242,0.42193150520324707,0.3659416735172272,1,False
20150608_1800,8,4813,-115.58916473388672,57.425357818603516,0.28156888484954834,0.23433953523635864,1,False
20150608_1800,8,9449,-100.95453643798828,52.600711822509766,0.2551313638687134,0.23792308568954468,1,False
20150608_1800,9,4813,-115.58916473388672,57.425357818603516,0.3330484926700592,0.23433953523635864,1,False
20150608_1800,9,5230,-114.13883209228516,54.434051513671875,0.26386353373527527,0.19850671291351318,1,False
20150608_1800,9,6548,-109.60177612304688,55.92334747314453,0.37385496497154236,0.26929470896720886,1,False
20150609_0300,8,3823,-119.69876098632812,56.93465042114258,0.2870798408985138,0.29157766699790955,1,False
20150609_0300,8,4338,-117.43999481201172,59.57487106323242,0.410384863615036,0.3559771776199341,1,False
20150609_0300,8,4813,-115.58915710449219,57.42535400390625,0.25310659408569336,0.2267749309539795,1,False
20150609_0300,8,5230,-114.13883209228516,54.43404769897461,0.2523142099380493,0.18864546716213226,1,False
20150609_0300,8,6548,-109.60177612304688,55.92334747314453,0.3626424968242645,0.2627578675746918,1,False
20150609_0300,9,6548,-109.60177612304688,55.92334747314453,0.34943586587905884,0.2627578675746918,1,False
20150609_0300,9,9449,-100.95453643798828,52.600711822509766,0.28578996658325195,0.23453211784362793,1,False
20150609_0600,8,3823,-119.69874572753906,56.93465042114258,0.21937094628810883,0.28862953186035156,1,False
20150609_0600,8,4338,-117.43999481201172,59.57487106323242,0.4081580936908722,0.3566685914993286,1,False
20150609_0600,8,4813,-115.58915710449219,57.42535400390625,0.2173018604516983,0.2259112149477005,1,False
20150609_0600,8,5230,-114.13883209228516,54.43404769897461,0.24023567140102386,0.19861628115177155,1,False
20150609_1800,8,3823,-119.69874572753906,56.93465042114258,0.29400354623794556,0.272599995136261,1,False
20150609_1800,8,4338,-117.43999481201172,59.57487106323242,0.4689933955669403,0.3667883574962616,1,False
20150609_1800,8,4813,-115.58916473388672,57.425350189208984,0.28590524196624756,0.2165568619966507,1,False
20150609_1800,8,5230,-114.14921569824219,54.459590911865234,0.2859324812889099,0.20232635736465454,1,False
20150609_1800,8,6548,-109.60177612304688,55.92334747314453,0.32746922969818115,0.2662973403930664,1,False
20150609_1800,8,9449,-100.95453643798828,52.600711822509766,0.2243427038192749,0.28441640734672546,1,False
20150610_0300,8,4338,-117.43999481201172,59.57487106323242,0.42544445395469666,0.35644447803497314,1,False
20150610_0300,8,4813,-115.58917236328125,57.42535400390625,0.27871063351631165,0.2176714688539505,1,False
20150610_0300,8,6548,-109.60177612304688,55.92334747314453,0.31662821769714355,0.2634199559688568,1,False
20150610_0300,8,9449,-100.95453643798828,52.600711822509766,0.24416875839233398,0.26765015721321106,1,False
20150610_0300,9,3823,-119.69874572753906,56.93465042114258,0.30896100401878357,0.2637794017791748,1,False
20150610_0300,9,9449,-100.95453643798828,52.600711822509766,0.2381516695022583,0.26765015721321106,1,False
20150610_0600,8,4338,-117.43999481201172,59.57487106323242,0.3607335388660431,0.3611959218978882,1,False
20150610_0600,8,4813,-115.58915710449219,57.42535400390625,0.1983809471130371,0.2300245314836502,1,False
20150610_0600,8,5230,-114.13883209228516,54.43404769897461,0.20652920007705688,0.18965153396129608,1,False
20150610_0600,8,6548,-109.60177612304688,55.92334747314453,0.28429272770881653,0.2712593972682953,1,False
20150610_1500,9,9449,-100.95453643798828,52.600711822509766,0.30118921399116516,0.25977304577827454,1,False
20150610_1800,8,4813,-115.58916473388672,57.425357818603516,0.2340150773525238,0.21950608491897583,1,False
20150610_1800,8,5230,-114.13883209228516,54.43404769897461,0.272329181432724,0.19126330316066742,1,False
20150610_1800,8,6548,-109.60177612304688,55.9233512878418,0.33810025453567505,0.2648443281650543,1,False
20150610_1800,9,4338,-117.43998718261719,59.57487106323242,0.4732050895690918,0.3474891483783722,1,False
20150610_2100,9,3823,-119.69874572753906,56.93465805053711,0.42424699664115906,0.2574011981487274,1,False
20150611_0300,8,6548,-109.60177612304688,55.92334747314453,0.2591394782066345,0.2606811225414276,1,False
20150611_0300,8,9449,-100.95453643798828,52.600711822509766,0.21895593404769897,0.25119200348854065,1,False
20150611_0300,9,3823,-119.69876098632812,56.93465042114258,0.4018113315105438,0.2774808704853058,1,False
20150611_0300,9,4338,-117.43999481201172,59.57487106323242,0.4221469759941101,0.3410733938217163,1,False
20150611_0300,9,4813,-115.58915710449219,57.42535400390625,0.2775494456291199,0.20654483139514923,1,False
20150611_0300,9,5230,-114.13883209228516,54.43404769897461,0.2665165662765503,0.19125370681285858,1,False
20150611_0600,9,3823,-119.69874572753906,56.93465042114258,0.35388875007629395,0.2917928099632263,1,False
20150611_0600,9,4338,-117.43999481201172,59.57487106323242,0.406232625246048,0.35022827982902527,1,False
20150611_0600,9,4813,-115.58915710449219,57.42535400390625,0.3069162368774414,0.2114490270614624,1,False
20150611_1800,8,6548,-109.60177612304688,55.92334747314453,0.3696635365486145,0.27249202132225037,1,False
20150611_1800,8,9449,-100.95453643798828,52.600711822509766,0.20391324162483215,0.2467581182718277,1,False
20150611_1800,9,3823,-119.69874572753906,56.93465042114258,0.3595312833786011,0.28628501296043396,1,False
20150611_1800,9,4338,-117.43999481201172,59.57487106323242,0.46483129262924194,0.35095858573913574,1,False
20150611_1800,9,4813,-115.58916473388672,57.42535400390625,0.34318795800209045,0.21611134707927704,1,False
20150611_1800,9,9449,-100.95453643798828,52.600711822509766,0.23535025119781494,0.2467581182718277,1,False
20150612_0300,8,3823,-119.69876098632812,56.93465042114258,0.3041691780090332,0.2929372489452362,1,False
20150612_0300,8,9449,-100.95453643798828,52.600711822509766,0.2656645178794861,0.23354440927505493,1,False
20150612_0300,9,4338,-117.43999481201172,59.57487106323242,0.5245276689529419,0.36662009358406067,1,False
20150612_0300,9,4813,-115.58917236328125,57.42535400390625,0.2910483181476593,0.22133509814739227,1,False
20150612_0300,9,5230,-114.13883209228516,54.43404769897461,0.30743497610092163,0.2501450479030609,1,False
20150612_0300,9,6548,-109.60177612304688,55.92334747314453,0.384997695684433,0.2634563148021698,1,False
20150612_0600,9,3823,-119.69874572753906,56.93465042114258,0.30384361743927,0.2908821403980255,1,False
20150612_0600,9,4338,-117.43999481201172,59.57487106323242,0.5198855996131897,0.37482428550720215,1,False
20150612_0600,9,4813,-115.58915710449219,57.42535400390625,0.2684672772884369,0.23047320544719696,1,False
20150612_0600,9,5230,-114.13883209228516,54.43404769897461,0.32207342982292175,0.24471278488636017,1,False
20150612_1800,8,4338,-117.43998718261719,59.57487106323242,0.5319104790687561,0.3701137602329254,1,False
20150612_1800,8,9449,-100.95453643798828,52.600711822509766,0.26850953698158264,0.29366278648376465,1,False
20150612_1800,9,4338,-117.43998718261719,59.57487106323242,0.5147366523742676,0.3701137602329254,1,False
20150612_1800,9,5230,-114.13883209228516,54.434051513671875,0.305757999420166,0.22592143714427948,1,False
20150613_0300,8,5230,-114.13883209228516,54.43404769897461,0.23012059926986694,0.21591973304748535,1,False
20150613_0300,9,6548,-109.60177612304688,55.92334747314453,0.3507343828678131,0.25033363699913025,1,False
20150613_0300,9,9449,-100.95453643798828,52.600711822509766,0.25304174423217773,0.25952261686325073,1,False
20150613_0600,8,3823,-119.69874572753906,56.93465042114258,0.4829048812389374,0.3312467038631439,1,False
20150613_0600,8,4338,-117.54419708251953,59.53207778930664,0.43046581745147705,0.37624886631965637,1,False
20150613_0600,9,4813,-115.58915710449219,57.42535400390625,0.21588179469108582,0.2750473618507385,1,False
20150613_0600,9,5230,-114.13883209228516,54.43404769897461,0.26124757528305054,0.22007258236408234,1,False
20150613_0600,9,6548,-109.60177612304688,55.92334747314453,0.3455374240875244,0.2720417380332947,1,False
20150613_1800,8,3823,-119.69874572753906,56.93465042114258,0.4564138650894165,0.3338768482208252,1,False
20150613_1800,8,4338,-117.43999481201172,59.57487106323242,0.44450637698173523,0.36744561791419983,1,False
20150613_1800,8,4813,-115.58916473388672,57.42535400390625,0.2811393141746521,0.2692410945892334,1,False
20150613_1800,8,5230,-114.17323303222656,54.415863037109375,0.41047754883766174,0.22767436504364014,1,False
20150613_1800,8,9449,-100.95453643798828,52.600711822509766,0.24666495621204376,0.24290354549884796,1,False
20150613_1800,9,5230,-114.13883209228516,54.434051513671875,0.3600544035434723,0.22102445363998413,1,False
20150614_0300,8,3823,-119.68120574951172,56.964683532714844,0.396487832069397,0.3164519965648651,1,False
20150614_0300,8,4338,-117.43999481201172,59.57487106323242,0.43622300028800964,0.3506915271282196,1,False
20150614_0300,8,4813,-115.58917236328125,57.42535400390625,0.261111319065094,0.2521878182888031,1,False
20150614_0300,8,5230,-114.13883209228516,54.43404769897461,0.3030640184879303,0.2579352855682373,1,False
20150614_0300,8,6548,-109.60177612304688,55.92334747314453,0.4709061086177826,0.3008909523487091,1,False
20150614_0300,9,6548,-109.60177612304688,55.92334747314453,0.43081238865852356,0.3008909523487091,1,False
20150614_0300,9,9449,-100.95453643798828,52.600711822509766,0.24084410071372986,0.23439687490463257,1,False
20150614_0600,8,3823,-119.69874572753906,56.93465042114258,0.363190233707428,0.31590211391448975,1,False
20150614_0600,8,4338,-117.43999481201172,59.57487106323242,0.3952689468860626,0.3641103208065033,1,False
20150614_0600,8,4813,-115.58915710449219,57.42535400390625,0.24295729398727417,0.25317203998565674,1,False
20150614_0600,8,5230,-114.13883209228516,54.43404769897461,0.2884525954723358,0.24188219010829926,1,False
20150614_1500,9,9449,-100.95453643798828,52.600711822509766,0.26008346676826477,0.24088597297668457,1,False
20150614_1800,8,3823,-119.69874572753906,56.93465042114258,0.31232917308807373,0.3059792220592499,1,False
20150614_1800,8,4338,-117.43999481201172,59.57487106323242,0.3818056881427765,0.36650779843330383,1,False
20150614_1800,8,4813,-115.58915710449219,57.42535400390625,0.2850816547870636,0.24385057389736176,1,False
20150614_1800,8,5230,-114.13883209228516,54.43404769897461,0.2709876298904419,0.22899378836154938,1,False
20150614_1800,8,6548,-109.60177612304688,55.92334747314453,0.37537792325019836,0.288044810295105,1,False
20150615_0300,8,4338,-117.43999481201172,59.57487106323242,0.3949836492538452,0.36172613501548767,1,False
20150615_0300,8,4813,-115.41458129882812,57.51648712158203,0.2555723190307617,0.29263389110565186,1,False
20150615_0300,8,6548,-109.60177612304688,55.92334747314453,0.3188527822494507,0.2745386064052582,1,False
20150615_0300,8,9449,-100.95453643798828,52.600711822509766,0.22162213921546936,0.2360757440328598,1,False
20150615_0300,9,3823,-119.69876098632812,56.93465042114258,0.3110802471637726,0.30285486578941345,1,False
20150615_0300,9,4338,-117.50341796875,59.5152587890625,0.4371491074562073,0.36312487721443176,1,False
20150615_0300,9,5230,-114.13883209228516,54.43404769897461,0.22332130372524261,0.21960876882076263,1,False
20150615_0300,9,9449,-100.95453643798828,52.600711822509766,0.21970774233341217,0.2360757440328598,1,False
20150615_0600,8,4338,-117.43999481201172,59.57487106323242,0.31793397665023804,0.3694131374359131,1,False
20150615_0600,8,4813,-115.58915710449219,57.42535400390625,0.21844053268432617,0.23488278687000275,1,False
20150615_0600,8,5230,-114.13883209228516,54.43404769897461,0.2076997607946396,0.213290274143219,1,False
20150615_0600,8,6548,-109.60177612304688,55.92334747314453,0.28408169746398926,0.2768630087375641,1,False
20150615_0600,9,3823,-119.8102035522461,56.892093658447266,0.27415817975997925,0.3344089090824127,1,False
20150615_1500,9,9449,-100.95453643798828,52.600711822509766,0.24621306359767914,0.22943754494190216,1,False
20150615_1800,8,4813,-115.58916473388672,57.425357818603516,0.2072312831878662,0.23007361590862274,1,False
20150615_1800,8,5230,-114.13883209228516,54.434051513671875,0.2511104941368103,0.200774148106575,1,False
20150615_1800,8,6548,-109.60177612304688,55.9233512878418,0.32111674547195435,0.2700580954551697,1,False
20150615_1800,9,3823,-119.69874572753906,56.93465805053711,0.35510867834091187,0.2871185541152954,1,False
20150615_1800,9,4338,-117.43998718261719,59.57487106323242,0.41368532180786133,0.3537856638431549,1,False
20150616_0300,8,6548,-109.60177612304688,55.92334747314453,0.3475853204727173,0.271893709897995,1,False
20150616_0300,8,9449,-100.95453643798828,52.600711822509766,0.20794111490249634,0.22696371376514435,1,False
20150616_0300,9,3823,-119.69874572753906,56.93465042114258,0.3416571021080017,0.28823935985565186,1,False
20150616_0300,9,4338,-117.43999481201172,59.57487106323242,0.4276870787143707,0.36693075299263,1,False
20150616_0300,9,4813,-115.58915710449219,57.42535400390625,0.3401879370212555,0.2198113054037094,1,False
20150616_0300,9,5230,-114.13883209228516,54.43404769897461,0.2518393397331238,0.1935352236032486,1,False
20150616_0300,9,6548,-109.62364196777344,55.90507507324219,0.4559115469455719,0.2781021296977997,1,False
20150616_0600,9,3823,-119.69874572753906,56.93465042114258,0.2863291800022125,0.2943870723247528,1,False
20150616_0600,9,4338,-117.43999481201172,59.57487106323242,0.415415495634079,0.37195539474487305,1,False
20150616_0600,9,5230,-114.17323303222656,54.415863037109375,0.2706613540649414,0.2038695067167282,1,False
20150616_1800,8,5230,-114.13883209228516,54.434051513671875,0.20614957809448242,0.20210586488246918,1,False
20150616_1800,8,6548,-109.60177612304688,55.92334747314453,0.3065932095050812,0.2817170321941376,1,False
20150616_1800,8,9449,-100.95453643798828,52.600711822509766,0.2172856628894806,0.21954180300235748,1,False
20150616_1800,9,4338,-117.43998718261719,59.57487869262695,0.4056766927242279,0.3654163181781769,1,False
20150616_1800,9,4813,-115.58916473388672,57.425357818603516,0.31586068868637085,0.2796974182128906,1,False
20150617_0300,8,3823,-119.69876098632812,56.93465042114258,0.327575147151947,0.3130607008934021,1,False
20150617_0300,8,9449,-100.95453643798828,52.600711822509766,0.2011878788471222,0.21091748774051666,1,False
20150617_0300,9,4338,-117.43999481201172,59.57487106323242,0.42114993929862976,0.36241528391838074,1,False
20150617_0300,9,4813,-115.58917236328125,57.42535400390625,0.24374069273471832,0.2583596408367157,1,False
20150617_0300,9,6548,-109.60177612304688,55.92334747314453,0.3146549463272095,0.28788599371910095,1,False
20150617_0600,9,3823,-119.69874572753906,56.93465042114258,0.3280707597732544,0.31122246384620667,1,False
20150617_0600,9,4338,-117.43999481201172,59.57487106323242,0.3495716452598572,0.3658601939678192,1,False
20150617_0600,9,4813,-115.58915710449219,57.42535400390625,0.21750995516777039,0.25393959879875183,1,False
20150617_0600,9,5230,-114.13883209228516,54.43404769897461,0.28122222423553467,0.23931396007537842,1,False
20150617_0600,9,6548,-109.60177612304688,55.92334747314453,0.2546384632587433,0.28398597240448,1,False
20150617_1800,8,3823,-119.69874572753906,56.93465042114258,0.32828378677368164,0.30624786019325256,1,False
20150617_1800,8,4338,-117.43998718261719,59.57487106323242,0.3733924329280853,0.3538549840450287,1,False
20150617_1800,8,9449,-100.95453643798828,52.600711822509766,0.2948237955570221,0.28961366415023804,1,False
20150617_1800,9,3823,-119.69874572753906,56.93465805053711,0.39379385113716125,0.30624786019325256,1,False
20150617_1800,9,4338,-117.43998718261719,59.57487106323242,0.44631290435791016,0.3538549840450287,1,False
20150617_1800,9,4813,-115.58916473388672,57.425357818603516,0.2819209098815918,0.24483853578567505,1,False
20150617_1800,9,5230,-114.13883209228516,54.434051513671875,0.3022993803024292,0.2267335206270218,1,False
20150617_1800,9,6548,-109.60177612304688,55.92334747314453,0.31319093704223633,0.2725898027420044,1,False
20150617_2100,8,4338,-117.43998718261719,59.57487106323242,0.39645516872406006,0.35922813415527344,1,False
20150618_0300,8,3823,-119.69874572753906,56.93465042114258,0.31437137722969055,0.29154735803604126,1,False
20150618_0300,8,4338,-117.43999481201172,59.57487106323242,0.3800142705440521,0.348721981048584,1,False
20150618_0300,8,4813,-115.58915710449219,57.42535400390625,0.20615795254707336,0.23675982654094696,1,False
20150618_0300,8,5230,-114.13883209228516,54.43404769897461,0.22702544927597046,0.2088937908411026,1,False
20150618_0300,9,6548,-109.60177612304688,55.92334747314453,0.306569904088974,0.26473990082740784,1,False
20150618_0300,9,9449,-100.95453643798828,52.600711822509766,0.235752671957016,0.26650676131248474,1,False
20150618_0600,8,3823,-119.69874572753906,56.93465042114258,0.23153603076934814,0.2938641607761383,1,False
20150618_0600,8,4338,-117.43999481201172,59.57487106323242,0.3379644751548767,0.348526269197464,1,False
20150618_0600,9,6548,-109.60177612304688,55.92334747314453,0.2443477213382721,0.2656897008419037,1,False
20150618_1800,8,3823,-119.69874572753906,56.93465042114258,0.34036368131637573,0.2867177128791809,1,False
20150618_1800,8,4338,-117.43999481201172,59.57487106323242,0.41503867506980896,0.34142494201660156,1,False
20150618_1800,8,4813,-115.58916473388672,57.42535400390625,0.2666747570037842,0.2329092025756836,1,False
20150618_1800,8,5230,-114.13883209228516,54.434051513671875,0.18583394587039948,0.2078610509634018,1,False
20150618_1800,8,9449,-100.95453643798828,52.600711822509766,0.22088176012039185,0.2519718408584595,1,False
20150619_0300,8,4338,-117.43999481201172,59.57487106323242,0.392812043428421,0.33715903759002686,1,False
20150619_0300,8,4813,-115.58917236328125,57.42535400390625,0.2556373178958893,0.22870467603206635,1,False
20150619_0300,8,5230,-114.13883209228516,54.43404769897461,0.2751411497592926,0.19258733093738556,1,False
20150619_0300,8,6548,-109.60177612304688,55.92334747314453,0.29975470900535583,0.25358128547668457,1,False
20150619_0300,9,3823,-119.76318359375,56.86021041870117,0.40247681736946106,0.3121033310890198,1,False
20150619_0300,9,9449,-100.95453643798828,52.600711822509766,0.23813244700431824,0.23525679111480713,1,False
20150619_0600,8,3823,-119.69874572753906,56.93465042114258,0.22410592436790466,0.298138827085495,1,False
20150619_0600,8,4338,-117.43999481201172,59.57487106323242,0.3459864854812622,0.34422412514686584,1,False
20150619_0600,8,4813,-115.58915710449219,57.42535400390625,0.26753920316696167,0.23042847216129303,1,False
20150619_0600,8,5230,-114.13883209228516,54.43404769897461,0.24611181020736694,0.21243137121200562,1,False
20150619_1500,9,9449,-100.95453643798828,52.600711822509766,0.24761977791786194,0.23681212961673737,1,False
20150619_1800,8,3823,-119.69874572753906,56.93465042114258,0.27716439962387085,0.28289681673049927,1,False
20150619_1800,8,4338,-117.4200210571289,59.574668884277344,0.38234418630599976,0.340060830116272,1,False
20150619_1800,8,4813,-115.58915710449219,57.42535400390625,0.28608211874961853,0.22744311392307281,1,False
20150619_1800,8,5230,-114.13883209228516,54.43404769897461,0.28015342354774475,0.20897401869297028,1,False
20150619_1800,8,6548,-109.60177612304688,55.92334747314453,0.3207944333553314,0.2572821378707886,1,False
20150620_0300,8,4338,-117.34257507324219,59.74941635131836,0.45214104652404785,0.3314392864704132,1,False
20150620_0300,8,6548,-109.60177612304688,55.92334747314453,0.34546709060668945,0.2538365423679352,1,False
20150620_0300,8,9449,-100.95453643798828,52.600711822509766,0.21348413825035095,0.289374977350235,1,False
20150620_0300,9,3823,-119.69876098632812,56.93465042114258,0.3393423855304718,0.2689579427242279,1,False
20150620_0300,9,4338,-117.43999481201172,59.57487106323242,0.41427767276763916,0.33065953850746155,1,False
20150620_0300,9,4813,-115.58915710449219,57.42535400390625,0.22475884854793549,0.22023077309131622,1,False
20150620_0300,9,9449,-100.95453643798828,52.600711822509766,0.23907417058944702,0.289374977350235,1,False
20150620_0600,8,4338,-117.43999481201172,59.57487106323242,0.4091392755508423,0.3556513488292694,1,False
20150620_0600,8,4813,-115.58915710449219,57.42535400390625,0.17001894116401672,0.22035789489746094,1,False
20150620_0600,8,6548,-109.60177612304688,55.92334747314453,0.2746223211288452,0.26732325553894043,1,False
20150620_0600,9,3823,-119.69874572753906,56.93465042114258,0.28166571259498596,0.27586230635643005,1,False
20150620_1800,8,4813,-115.58916473388672,57.425357818603516,0.29807916283607483,0.20908276736736298,1,False
20150620_1800,8,5230,-114.13883209228516,54.434051513671875,0.33118703961372375,0.25487324595451355,1,False
20150620_1800,8,6548,-109.60177612304688,55.9233512878418,0.3623346984386444,0.2587965428829193,1,False
20150620_1800,9,3823,-119.69874572753906,56.93465042114258,0.3579343557357788,0.2762467563152313,1,False
20150620_1800,9,4338,-117.43998718261719,59.57487106323242,0.45900726318359375,0.34889641404151917,1,False
20150621_0300,8,6548,-109.60177612304688,55.92334747314453,0.24535417556762695,0.26095888018608093,1,False
20150621_0300,8,9449,-100.95453643798828,52.600711822509766,0.22583222389221191,0.2504679262638092,1,False
20150621_0300,9,3823,-119.69876098632812,56.93465042114258,0.3691778779029846,0.27748265862464905,1,False
20150621_0300,9,4338,-117.43999481201172,59.57487106323242,0.40791672468185425,0.34372615814208984,1,False
20150621_0300,9,4813,-115.58915710449219,57.42535400390625,0.33755314350128174,0.21475750207901,1,False
20150621_0300,9,5230,-114.13883209228516,54.43404769897461,0.2989182770252228,0.26736462116241455,1,False
20150621_0300,9,6548,-109.60177612304688,55.92334747314453,0.30913805961608887,0.26095888018608093,1,False
20150621_0600,9,3823,-119.69874572753906,56.93465042114258,0.31673482060432434,0.29412320256233215,1,False
20150621_0600,9,4338,-117.43999481201172,59.57487106323242,0.4132220149040222,0.3470345437526703,1,False
20150621_0600,9,4813,-115.58915710449219,57.42535400390625,0.2822670638561249,0.23980922996997833,1,False
20150621_0600,9,5230,-114.13883209228516,54.43404769897461,0.29534751176834106,0.25617966055870056,1,False
20150621_1500,8,9449,-100.95453643798828,52.600711822509766,0.23586241900920868,0.24126876890659332,1,False
20150621_1800,8,6548,-109.60177612304688,55.92334747314453,0.29317906498908997,0.26007333397865295,1,False
20150621_1800,9,3823,-119.69874572753906,56.93465805053711,0.3677055239677429,0.2867603898048401,1,False
20150621_1800,9,4813,-115.58916473388672,57.425357818603516,0.3008688986301422,0.23234422504901886,1,False
20150622_0300,8,3823,-119.69876098632812,56.93465042114258,0.32962921261787415,0.28591427206993103,1,False
20150622_0300,8,9449,-100.95453643798828,52.600711822509766,0.36537161469459534,0.24358300864696503,1,False
20150622_0300,9,4338,-117.43999481201172,59.57487106323242,0.432070255279541,0.37202560901641846,1,False
20150622_0300,9,4813,-115.58917236328125,57.42535400390625,0.4460262656211853,0.22648875415325165,1,False
20150622_0300,9,6548,-109.60177612304688,55.92334747314453,0.3419726490974426,0.25121328234672546,1,False
20150622_0600,9,4338,-117.43999481201172,59.57487106323242,0.42997249960899353,0.370204895734787,1,False
20150622_0600,9,4813,-115.58915710449219,57.42535400390625,0.4553698003292084,0.25289294123649597,1,False
20150622_0600,9,5230,-114.13883209228516,54.43404769897461,0.3113555312156677,0.2284804731607437,1,False
20150622_0600,9,6548,-109.60177612304688,55.92334747314453,0.3274506628513336,0.2620023190975189,1,False
20150622_1500,8,9449,-100.95453643798828,52.600711822509766,0.2956382930278778,0.267922967672348,1,False
20150622_1800,8,3823,-119.69874572753906,56.93465042114258,0.312226265668869,0.2994830310344696,1,False
20150622_1800,8,4338,-117.43999481201172,59.57488250732422,0.40549638867378235,0.36130595207214355,1,False
20150622_1800,8,9449,-100.95453643798828,52.600711822509766,0.2694869935512543,0.26385000348091125,1,False
20150622_1800,9,4813,-115.58916473388672,57.425357818603516,0.39495429396629333,0.2541373074054718,1,False
20150622_1800,9,5230,-114.13883209228516,54.434051513671875,0.3153163492679596,0.22964589297771454,1,False
20150623_0300,8,3823,-119.69876098632812,56.93465042114258,0.36688902974128723,0.29562118649482727,1,False
20150623_0300,8,4338,-117.43999481201172,59.57487106323242,0.40444302558898926,0.3544917404651642,1,False
20150623_0300,8,4813,-115.58917236328125,57.42535400390625,0.34620076417922974,0.2415381520986557,1,False
20150623_0300,8,5230,-114.13883209228516,54.43404769897461,0.3557264804840088,0.23116105794906616,1,False
20150623_0300,9,6548,-109.60177612304688,55.92334747314453,0.34168848395347595,0.27579766511917114,1,False
20150623_0300,9,9449,-100.95453643798828,52.600711822509766,0.25660884380340576,0.2482181340456009,1,False
20150623_0600,8,3823,-119.69874572753906,56.93465042114258,0.30304181575775146,0.30369648337364197,1,False
20150623_0600,8,4338,-117.43999481201172,59.57487106323242,0.3682217597961426,0.35702136158943176,1,False
20150623_0600,8,4813,-115.58915710449219,57.42535400390625,0.22925670444965363,0.24384592473506927,1,False
20150623_0600,9,6548,-109.60177612304688,55.92334747314453,0.3047950863838196,0.2798145115375519,1,False
20150623_1800,8,3823,-119.69874572753906,56.93465042114258,0.3776194453239441,0.2942371368408203,1,False
20150623_1800,8,4338,-117.43999481201172,59.57487106323242,0.44013193249702454,0.34529173374176025,1,False
20150623_1800,8,4813,-115.58916473388672,57.42535400390625,0.335347056388855,0.23153801262378693,1,False
20150623_1800,8,5230,-114.13883209228516,54.434051513671875,0.31765657663345337,0.23724858462810516,1,False
20150623_1800,8,9449,-100.95453643798828,52.600711822509766,0.23773334920406342,0.24414528906345367,1,False
20150624_0300,8,4338,-117.43999481201172,59.57487106323242,0.45390498638153076,0.33215799927711487,1,False
20150624_0300,8,4813,-115.58917236328125,57.42535400390625,0.35138940811157227,0.22638867795467377,1,False
20150624_0300,8,5230,-114.13883209228516,54.43404769897461,0.2860085666179657,0.2264203280210495,1,False
20150624_0300,8,6548,-109.60177612304688,55.92334747314453,0.32608574628829956,0.25405997037887573,1,False
20150624_0300,9,3823,-119.69876098632812,56.93465042114258,0.33181989192962646,0.2846720814704895,1,False
20150624_0300,9,9449,-100.95453643798828,52.600711822509766,0.2844075858592987,0.23146355152130127,1,False
20150624_0600,8,3823,-119.69874572753906,56.93465042114258,0.2482474148273468,0.29097989201545715,1,False
20150624_0600,8,4338,-117.43999481201172,59.57487106323242,0.4415304660797119,0.3452836275100708,1,False
20150624_0600,8,4813,-115.58915710449219,57.42535400390625,0.283214807510376,0.24236375093460083,1,False
20150624_0600,8,5230,-114.13883209228516,54.43404769897461,0.2730439305305481,0.23108261823654175,1,False
20150624_1500,9,9449,-100.95453643798828,52.600711822509766,0.3020825684070587,0.2409098595380783,1,False
20150624_1800,8,3823,-119.69874572753906,56.93465805053711,0.3602633774280548,0.2790464460849762,1,False
20150624_1800,8,4338,-117.43998718261719,59.57487106323242,0.43564772605895996,0.34445664286613464,1,False
20150624_1800,8,4813,-115.58916473388672,57.425357818603516,0.3713833689689636,0.2321075052022934,1,False
20150624_1800,8,5230,-114.13883209228516,54.43404769897461,0.3280090391635895,0.22107070684432983,1,False
20150624_1800,8,6548,-109.60177612304688,55.92334747314453,0.3349718451499939,0.2520122528076172,1,False
20150625_0300,8,6548,-109.60177612304688,55.92334747314453,0.38295677304267883,0.24986201524734497,1,False
20150625_0300,8,9449,-100.95453643798828,52.600711822509766,0.25999388098716736,0.23931743204593658,1,False
20150625_0300,9,3823,-119.69876098632812,56.93465042114258,0.4140062928199768,0.268167644739151,1,False
20150625_0300,9,4338,-117.43999481201172,59.57487106323242,0.4281938076019287,0.34204792976379395,1,False
20150625_0300,9,4813,-115.58917236328125,57.42535400390625,0.31642022728919983,0.22368700802326202,1,False
20150625_0300,9,5230,-114.13883209228516,54.43404769897461,0.2877139747142792,0.21460026502609253,1,False
20150625_0300,9,9449,-100.95453643798828,52.600711822509766,0.2764390707015991,0.23931743204593658,1,False
20150625_0600,8,4813,-115.58915710449219,57.42535400390625,0.28721460700035095,0.2367587685585022,1,False
20150625_0600,8,5230,-114.13883209228516,54.43404769897461,0.2423267364501953,0.23010487854480743,1,False
20150625_0600,8,6548,-109.60177612304688,55.92334747314453,0.34106263518333435,0.26943057775497437,1,False
20150625_0600,9,3823,-119.69874572753906,56.93465042114258,0.3925037980079651,0.29177865386009216,1,False
20150625_1800,8,4813,-115.54325866699219,57.34044647216797,0.3754314184188843,0.2451612502336502,1,False
20150625_1800,8,5230,-114.13883209228516,54.434051513671875,0.27136778831481934,0.2194804698228836,1,False
20150625_1800,8,6548,-109.60177612304688,55.9233512878418,0.3880870044231415,0.257718950510025,1,False
20150625_1800,9,3823,-119.69874572753906,56.93465042114258,0.42679110169410706,0.289947509765625,1,False
20150625_1800,9,4338,-117.43998718261719,59.57487106323242,0.5031015276908875,0.34596097469329834,1,False
20150626_0300,8,6548,-109.60177612304688,55.92334747314453,0.2932441532611847,0.2551673948764801,1,False
20150626_0300,8,9449,-100.95453643798828,52.600711822509766,0.2599235773086548,0.22429029643535614,1,False
20150626_0300,9,3823,-119.69876098632812,56.93465042114258,0.42961210012435913,0.28775903582572937,1,False
20150626_0300,9,4338,-117.43999481201172,59.57487106323242,0.4613988995552063,0.3437865078449249,1,False
20150626_0300,9,4813,-115.58917236328125,57.42535400390625,0.43165290355682373,0.24246899783611298,1,False
20150626_0300,9,5230,-114.13883209228516,54.43404769897461,0.33729279041290283,0.2047765702009201,1,False
20150626_0300,9,6548,-109.60177612304688,55.92334747314453,0.3351706564426422,0.2551673948764801,1,False
20150626_0600,9,3823,-119.69874572753906,56.93465042114258,0.3432907164096832,0.2937130630016327,1,False
20150626_0600,9,4338,-117.43999481201172,59.57487106323242,0.45372238755226135,0.3597533404827118,1,False
20150626_0600,9,4813,-115.58915710449219,57.42535400390625,0.42780548334121704,0.25549930334091187,1,False
20150626_0600,9,5230,-114.13883209228516,54.43404769897461,0.314238965511322,0.23677045106887817,1,False
20150626_1500,8,9449,-100.95453643798828,52.600711822509766,0.28097984194755554,0.23115253448486328,1,False
20150626_1800,8,6548,-109.60177612304688,55.92334747314453,0.31176453828811646,0.2560981810092926,1,False
20150626_1800,9,3823,-119.69874572753906,56.93465805053711,0.3845582902431488,0.282429963350296,1,False
20150626_1800,9,4338,-117.43998718261719,59.57487106323242,0.4264395833015442,0.3656822741031647,1,False
20150626_1800,9,4813,-115.58916473388672,57.425357818603516,0.38120681047439575,0.24366898834705353,1,False
20150626_1800,9,5230,-114.17323303222656,54.415863037109375,0.4326179623603821,0.2289600819349289,1,False
20150627_0300,8,3823,-119.69876098632812,56.93465042114258,0.342909038066864,0.2706828713417053,1,False
20150627_0300,8,4338,-117.50341796875,59.5152587890625,0.455510675907135,0.3527081310749054,1,False
20150627_0300,8,4813,-115.67057037353516,57.3332633972168,0.3225606083869934,0.20054461061954498,1,True
20150627_0300,8,5230,-114.13883209228516,54.43404769897461,0.26588812470436096,0.2102818489074707,1,False
20150627_0300,8,9449,-100.95453643798828,52.600711822509766,0.28369221091270447,0.22847986221313477,1,False
20150627_0300,9,4338,-117.43999481201172,59.57487106323242,0.5138333439826965,0.3495774567127228,1,False
20150627_0300,9,4813,-115.58917236328125,57.42535400390625,0.394709974527359,0.2295253872871399,1,False
20150627_0300,9,6548,-109.60177612304688,55.92334747314453,0.39221495389938354,0.24499629437923431,1,False
20150627_0300,9,9449,-100.95453643798828,52.600711822509766,0.39059096574783325,0.22847986221313477,1,False
20150627_0600,8,3823,-119.7881088256836,56.925445556640625,0.3675331771373749,0.3060886561870575,1,False
20150627_0600,9,4338,-117.43999481201172,59.57487106323242,0.4504382014274597,0.3647388517856598,1,False
20150627_0600,9,4813,-115.58915710449219,57.42535400390625,0.31465548276901245,0.24989239871501923,1,False
20150627_0600,9,5230,-114.13883209228516,54.43404769897461,0.2766127586364746,0.21586783230304718,1,False
20150627_0600,9,6548,-109.60177612304688,55.92334747314453,0.37364205718040466,0.26837795972824097,1,False
20150627_1500,8,9449,-100.95453643798828,52.600711822509766,0.2933061718940735,0.251670241355896,1,False
20150627_1800,8,3823,-119.69874572753906,56.93465042114258,0.39068084955215454,0.27731022238731384,1,False
20150627_1800,8,4338,-117.43999481201172,59.57487106323242,0.4397960603237152,0.3499833643436432,1,False
20150627_1800,8,4813,-115.58916473388672,57.425357818603516,0.35922971367836,0.23565824329853058,1,False
20150627_1800,8,9449,-100.95453643798828,52.600711822509766,0.3033621311187744,0.2530437409877777,1,False
20150627_1800,9,4813,-115.58916473388672,57.425357818603516,0.34707263112068176,0.23565824329853058,1,False
20150627_1800,9,5230,-114.13883209228516,54.434051513671875,0.3204444944858551,0.21202097833156586,1,False
20150627_1800,9,6548,-109.60177612304688,55.92334747314453,0.42405083775520325,0.26063331961631775,1,False
20150628_0300,8,3823,-119.69874572753906,56.93465042114258,0.43170487880706787,0.2689267694950104,1,False
20150628_0300,8,4338,-117.43999481201172,59.57487106323242,0.41843554377555847,0.33187630772590637,1,False
20150628_0300,8,4813,-115.58915710449219,57.42535400390625,0.32693448662757874,0.22431118786334991,1,False
20150628_0300,8,5230,-114.13883209228516,54.43404769897461,0.29963383078575134,0.19939108192920685,1,False
20150628_0300,8,6548,-109.60177612304688,55.92334747314453,0.31607237458229065,0.24848376214504242,1,False
20150628_0300,9,6548,-109.60177612304688,55.92334747314453,0.32072773575782776,0.24848376214504242,1,False
20150628_0300,9,9449,-100.95453643798828,52.600711822509766,0.27548471093177795,0.23807953298091888,1,False
20150628_0600,8,3823,-119.69874572753906,56.93465042114258,0.3356918394565582,0.28371503949165344,1,False
20150628_0600,8,4338,-117.43999481201172,59.57487106323242,0.3983043432235718,0.3445833921432495,1,False
20150628_0600,8,4813,-115.58915710449219,57.42535400390625,0.28499409556388855,0.23278968036174774,1,False
20150628_0600,8,5230,-114.17323303222656,54.415863037109375,0.31042614579200745,0.22576142847537994,1,False
20150628_1800,8,3823,-119.69874572753906,56.93465042114258,0.39094847440719604,0.2795504331588745,1,False
20150628_1800,8,4338,-117.43999481201172,59.57487106323242,0.4569571614265442,0.3397797644138336,1,False
20150628_1800,8,4813,-115.58916473388672,57.425357818603516,0.3607957363128662,0.2216147780418396,1,False
20150628_1800,8,5230,-114.13883209228516,54.434051513671875,0.289411336183548,0.21210847795009613,1,False
20150628_1800,8,9449,-100.95453643798828,52.600711822509766,0.2499680519104004,0.23275882005691528,1,False
20150629_0300,8,4338,-117.43999481201172,59.57487106323242,0.43163055181503296,0.3296501934528351,1,False
20150629_0300,8,4813,-115.58917236328125,57.42535400390625,0.3216879665851593,0.218374565243721,1,False
20150629_0300,8,5230,-114.13883209228516,54.43404769897461,0.311952143907547,0.19582754373550415,1,False
20150629_0300,8,6548,-109.60177612304688,55.92334747314453,0.3167351186275482,0.22735333442687988,1,False
20150629_0300,9,3823,-119.69874572753906,56.93465042114258,0.3247014582157135,0.27329376339912415,1,False
20150629_0300,9,9449,-100.95453643798828,52.600711822509766,0.30289000272750854,0.22087158262729645,1,False
20150629_0600,8,3823,-119.69874572753906,56.93465042114258,0.28871631622314453,0.2820732891559601,1,False
20150629_0600,8,4338,-117.43999481201172,59.57487106323242,0.3744537830352783,0.34153637290000916,1,False
20150629_0600,8,4813,-115.58915710449219,57.42535400390625,0.28450655937194824,0.2314784973859787,1,False
20150629_0600,8,5230,-114.13883209228516,54.43404769897461,0.26850247383117676,0.21807821094989777,1,False
20150629_0600,8,6548,-109.60177612304688,55.92334747314453,0.31825053691864014,0.24786563217639923,1,False
20150629_1500,9,9449,-100.95453643798828,52.600711822509766,0.2919299006462097,0.23552416265010834,1,False
20150629_1800,8,3823,-119.69874572753906,56.93465042114258,0.3658373951911926,0.27301108837127686,1,False
20150629_1800,8,4338,-117.43998718261719,59.57487106323242,0.4048188030719757,0.33861681818962097,1,False
20150629_1800,8,4813,-115.58915710449219,57.42535400390625,0.3689517080783844,0.22724395990371704,1,False
20150629_1800,8,5230,-114.13883209228516,54.43404769897461,0.30356892943382263,0.21519257128238678,1,False
20150629_1800,8,6548,-109.60177612304688,55.9233512878418,0.35108456015586853,0.25077542662620544,1,False
20150629_2100,9,4338,-117.47454071044922,59.72857666015625,0.4853503704071045,0.308462530374527,1,True
20150630_0300,8,6548,-109.60177612304688,55.92334747314453,0.35990890860557556,0.24954994022846222,1,False
20150630_0300,8,9449,-100.95453643798828,52.600711822509766,0.23746374249458313,0.23152340948581696,1,False
20150630_0300,9,3823,-119.69876098632812,56.93465042114258,0.43590348958969116,0.26738429069519043,1,False
20150630_0300,9,4338,-117.43999481201172,59.57487106323242,0.3736265301704407,0.34035661816596985,1,False
20150630_0300,9,4813,-115.58915710449219,57.42535400390625,0.29000234603881836,0.22142918407917023,1,False
20150630_0300,9,5230,-114.13883209228516,54.43404769897461,0.27250200510025024,0.21690376102924347,1,False
20150630_0300,9,9449,-100.92093658447266,52.63069534301758,0.35809406638145447,0.2363228052854538,1,False
20150630_0600,8,6548,-109.60177612304688,55.92334747314453,0.3087082505226135,0.2663505971431732,1,False
20150630_0600,9,3823,-119.69874572753906,56.93465042114258,0.4160013198852539,0.29257869720458984,1,False
20150630_0600,9,4338,-117.57534790039062,59.61975860595703,0.4093082845211029,0.349860280752182,1,False
20150630_1800,8,5230,-114.13883209228516,54.434051513671875,0.27320733666419983,0.28324541449546814,1,False
20150630_1800,8,6548,-109.60177612304688,55.9233512878418,0.354078084230423,0.25791433453559875,1,False
20150630_1800,9,3823,-119.69874572753906,56.93465042114258,0.44870901107788086,0.2877071499824524,1,False
20150630_1800,9,4338,-117.43999481201172,59.57487106323242,0.4357028901576996,0.34275463223457336,1,False
20150630_1800,9,4813,-115.58916473388672,57.42535400390625,0.34320417046546936,0.22147433459758759,1,False
20150630_1800,9,5230,-114.13883209228516,54.434051513671875,0.34663695096969604,0.28324541449546814,1,False
20150630_1800,9,9449,-100.95453643798828,52.600711822509766,0.23902995884418488,0.24089668691158295,1,False
20150701_0300,8,3823,-119.74222564697266,56.8660774230957,0.31943628191947937,0.3119919002056122,1,False
20150701_0300,8,9449,-100.95453643798828,52.600711822509766,0.2558571696281433,0.23184387385845184,1,False
20150701_0300,9,3823,-119.68120574951172,56.96468734741211,0.43230727314949036,0.29291635751724243,1,False
20150701_0300,9,4338,-117.43999481201172,59.57487106323242,0.4304143488407135,0.3387722074985504,1,False
20150701_0300,9,4813,-115.58917236328125,57.42535400390625,0.3929014801979065,0.2288864105939865,1,False
20150701_0300,9,5230,-114.09286499023438,54.40664291381836,0.32129549980163574,0.24324017763137817,1,False
20150701_0300,9,6548,-109.60177612304688,55.92334747314453,0.2870621979236603,0.2562313377857208,1,False
20150701_0600,9,3823,-119.69874572753906,56.93465042114258,0.37713348865509033,0.2984817326068878,1,False
20150701_0600,9,4338,-117.43999481201172,59.57487106323242,0.4537578225135803,0.3501328229904175,1,False
20150701_0600,9,4813,-115.58915710449219,57.42535400390625,0.41665828227996826,0.24444083869457245,1,False
20150701_0600,9,5230,-114.09286499023438,54.40664291381836,0.3076108694076538,0.24858830869197845,1,False
20150701_1500,8,9449,-100.95453643798828,52.600711822509766,0.26135388016700745,0.2323184609413147,1,False
20150701_1800,8,6548,-109.60177612304688,55.92334747314453,0.26976510882377625,0.25439631938934326,1,False
20150701_1800,9,3823,-119.69874572753906,56.93465805053711,0.381548136472702,0.29704228043556213,1,False
20150701_1800,9,4338,-117.43998718261719,59.57487106323242,0.430952787399292,0.3462371826171875,1,False
20150701_1800,9,4813,-115.58916473388672,57.425357818603516,0.3766372799873352,0.23869800567626953,1,False
20150701_1800,9,5230,-114.09286499023438,54.406646728515625,0.33723852038383484,0.24844251573085785,1,False
20150702_0300,8,3823,-119.69874572753906,56.93465042114258,0.3482699990272522,0.27837851643562317,1,False
20150702_0300,8,4338,-117.43999481201172,59.57487106323242,0.3772708773612976,0.3312687873840332,1,False
20150702_0300,8,4813,-115.58915710449219,57.42535400390625,0.21014758944511414,0.2207355946302414,1,False
20150702_0300,8,5230,-114.09286499023438,54.40664291381836,0.25374719500541687,0.22668708860874176,1,False
20150702_0300,8,9449,-100.95453643798828,52.600711822509766,0.23517385125160217,0.22762393951416016,1,False
20150702_0300,9,4338,-117.43999481201172,59.57487106323242,0.45704618096351624,0.3312687873840332,1,False
20150702_0300,9,4813,-115.41458129882812,57.51648712158203,0.4790891408920288,0.28961798548698425,1,False
20150702_0300,9,6548,-109.60177612304688,55.92334747314453,0.37957385182380676,0.25074633955955505,1,False
20150702_0300,9,9449,-100.95453643798828,52.600711822509766,0.248308464884758,0.22762393951416016,1,False
20150702_0600,8,3823,-119.69874572753906,56.93465042114258,0.33687782287597656,0.2838851511478424,1,False
20150702_0600,9,4338,-117.43999481201172,59.57487106323242,0.36162108182907104,0.3513980805873871,1,False
20150702_0600,9,4813,-115.58915710449219,57.42535400390625,0.23472586274147034,0.23470860719680786,1,False
20150702_0600,9,5230,-114.09286499023438,54.40664291381836,0.25325483083724976,0.2285236269235611,1,False
20150702_0600,9,6548,-109.60177612304688,55.92334747314453,0.34741854667663574,0.2698535621166229,1,False
20150702_1500,8,9449,-100.92093658447266,52.63069534301758,0.18653114140033722,0.23574161529541016,1,False
20150702_1800,8,3823,-119.69874572753906,56.93465042114258,0.39467719197273254,0.2760206162929535,1,False
20150702_1800,8,4338,-117.43999481201172,59.57487106323242,0.41459545493125916,0.33714473247528076,1,False
20150702_1800,8,4813,-115.58916473388672,57.425357818603516,0.30068740248680115,0.22143296897411346,1,False
20150702_1800,8,9449,-100.95453643798828,52.600711822509766,0.2719210386276245,0.2122730165719986,1,False
20150702_1800,9,4813,-115.58916473388672,57.425357818603516,0.31179365515708923,0.22143296897411346,1,False
20150702_1800,9,5230,-114.09286499023438,54.406646728515625,0.3039892911911011,0.2180849313735962,1,False
20150702_1800,9,6548,-109.60177612304688,55.92334747314453,0.3932521343231201,0.26011011004447937,1,False
20150703_0300,8,3823,-119.69876098632812,56.93465042114258,0.40856409072875977,0.2693529427051544,1,False
20150703_0300,8,4338,-117.43999481201172,59.57487106323242,0.41438189148902893,0.33268800377845764,1,False
20150703_0300,8,4813,-115.58917236328125,57.42535400390625,0.3431469798088074,0.2143203765153885,1,False
20150703_0300,8,5230,-114.09286499023438,54.40664291381836,0.303179532289505,0.20533587038516998,1,False
20150703_0300,8,6548,-109.60177612304688,55.92334747314453,0.2923503518104553,0.25355350971221924,1,False
20150703_0300,9,6548,-109.60177612304688,55.92334747314453,0.28757917881011963,0.25355350971221924,1,False
20150703_0300,9,9449,-100.95453643798828,52.600711822509766,0.2768031656742096,0.22104422748088837,1,False
20150703_0600,8,3823,-119.69874572753906,56.93465042114258,0.3700495660305023,0.29058635234832764,1,False
20150703_0600,8,4338,-117.43999481201172,59.57487106323242,0.422912061214447,0.3434498608112335,1,False
20150703_0600,8,4813,-115.58915710449219,57.42535400390625,0.36720010638237,0.23226939141750336,1,False
20150703_0600,8,5230,-114.09286499023438,54.40664291381836,0.27042675018310547,0.2262178659439087,1,False
20150703_1800,8,3823,-119.69874572753906,56.93465042114258,0.28428494930267334,0.2820042371749878,1,False
20150703_1800,8,4338,-117.43999481201172,59.57487106323242,0.37767136096954346,0.33847618103027344,1,False
20150703_1800,8,4813,-115.58916473388672,57.425357818603516,0.2930232584476471,0.23117733001708984,1,False
20150703_1800,8,5230,-114.09286499023438,54.406646728515625,0.2666098475456238,0.2150944471359253,1,False
20150703_1800,8,9449,-100.95453643798828,52.600711822509766,0.2205621898174286,0.22873055934906006,1,False
20150704_0300,8,4338,-117.43999481201172,59.57487106323242,0.34188640117645264,0.3264210522174835,1,False
20150704_0300,8,4813,-115.58917236328125,57.42535400390625,0.2495810091495514,0.21510206162929535,1,False
20150704_0300,8,6548,-109.60177612304688,55.92334747314453,0.3364633023738861,0.22506380081176758,1,False
20150704_0300,9,3823,-119.69876098632812,56.93465042114258,0.280589759349823,0.26307857036590576,1,False
20150704_0300,9,9449,-100.95453643798828,52.600711822509766,0.29102325439453125,0.2149590700864792,1,False
20150704_0600,8,4338,-117.43999481201172,59.57487106323242,0.3514489233493805,0.3273007273674011,1,False
20150704_0600,8,4813,-115.58915710449219,57.42535400390625,0.2077609896659851,0.21773087978363037,1,False
20150704_0600,8,5230,-114.09286499023438,54.40664291381836,0.22744813561439514,0.19352437555789948,1,False
20150704_0600,8,6548,-109.60177612304688,55.92334747314453,0.3082425594329834,0.25524696707725525,1,False
20150704_1500,9,9449,-100.95453643798828,52.600711822509766,0.3557942807674408,0.2442188858985901,1,False
20150704_1800,8,4338,-117.3810806274414,59.46492004394531,0.3980247676372528,0.33917176723480225,1,False
20150704_1800,8,4813,-115.58916473388672,57.425357818603516,0.13940714299678802,0.21765993535518646,1,False
20150704_1800,8,5230,-114.09286499023438,54.40664291381836,0.2659425139427185,0.2015119343996048,1,False
20150704_1800,8,6548,-109.60177612304688,55.9233512878418,0.29741165041923523,0.2512446939945221,1,False
20150704_2100,9,4338,-117.43998718261719,59.57487106323242,0.43187835812568665,0.34381112456321716,1,False
20150705_0300,8,6548,-109.6017837524414,55.9233512878418,0.2982458174228668,0.2499287724494934,1,False
20150705_0300,8,9449,-100.95453643798828,52.600711822509766,0.2794564366340637,0.26796600222587585,1,False
20150705_0300,9,3823,-119.69876098632812,56.93465042114258,0.30846649408340454,0.2639138400554657,1,False
20150705_0300,9,4338,-117.43999481201172,59.57487106323242,0.36517786979675293,0.33763954043388367,1,False
20150705_0300,9,4813,-115.58915710449219,57.42535400390625,0.259612500667572,0.23723304271697998,1,False
20150705_0300,9,5230,-114.09286499023438,54.40664291381836,0.2609548568725586,0.19837649166584015,1,False
20150705_0600,9,3823,-119.69874572753906,56.93465042114258,0.25453776121139526,0.2720871865749359,1,False
20150705_0600,9,4338,-117.43999481201172,59.57487106323242,0.3325217664241791,0.3373289406299591,1,False
20150705_1800,8,5230,-114.09286499023438,54.406646728515625,0.20974311232566833,0.20494137704372406,1,False
20150705_1800,8,6548,-109.60177612304688,55.9233512878418,0.29077446460723877,0.25649136304855347,1,False
20150705_1800,8,9449,-100.95453643798828,52.600711822509766,0.3118174076080322,0.2515580356121063,1,False
20150705_1800,9,3823,-119.69874572753906,56.93465042114258,0.3424015939235687,0.26928383111953735,1,False
20150705_1800,9,4338,-117.43999481201172,59.57487106323242,0.42719578742980957,0.3311556577682495,1,False
20150705_1800,9,4813,-115.58916473388672,57.42535400390625,0.3134758472442627,0.22667932510375977,1,False
20150705_1800,9,5230,-114.09286499023438,54.406646728515625,0.2090747356414795,0.20494137704372406,1,False
20150705_1800,9,9449,-100.95453643798828,52.600711822509766,0.26912418007850647,0.2515580356121063,1,False
20150706_0300,8,3823,-119.69876098632812,56.93465042114258,0.24622413516044617,0.2688426077365875,1,False
20150706_0300,8,9449,-100.95453643798828,52.600711822509766,0.20832443237304688,0.25104087591171265,1,False
20150706_0300,9,4338,-117.43999481201172,59.57487106323242,0.42378392815589905,0.3283242881298065,1,False
20150706_0300,9,4813,-115.58917236328125,57.42535400390625,0.2923363447189331,0.22500117123126984,1,False
20150706_0300,9,5230,-114.09286499023438,54.40664291381836,0.25341394543647766,0.1864767223596573,1,False
20150706_0300,9,6548,-109.60177612304688,55.92334747314453,0.27429282665252686,0.24461714923381805,1,False
20150706_0600,9,3823,-119.69874572753906,56.93465042114258,0.20574450492858887,0.2608691453933716,1,False
20150706_0600,9,4338,-117.43999481201172,59.57487106323242,0.4612009525299072,0.34161677956581116,1,False
20150706_0600,9,4813,-115.58915710449219,57.42535400390625,0.2303237020969391,0.23005123436450958,1,False
20150706_0600,9,5230,-114.09286499023438,54.40664291381836,0.21141615509986877,0.20669114589691162,1,False
20150706_1500,8,9449,-100.95453643798828,52.600711822509766,0.2453198879957199,0.2408742755651474,1,False
20150706_1800,8,3823,-119.69874572753906,56.93465042114258,0.2636541426181793,0.25062742829322815,1,False
20150706_1800,8,6548,-109.56195068359375,55.90640640258789,0.2703312337398529,0.2128535956144333,1,True
20150706_1800,9,3823,-119.69874572753906,56.93465042114258,0.25542330741882324,0.25062742829322815,1,False
20150706_1800,9,4338,-117.43998718261719,59.57487869262695,0.4727855324745178,0.3768230676651001,1,False
20150706_1800,9,4813,-115.58916473388672,57.425357818603516,0.2634325921535492,0.2185540348291397,1,False
20150706_1800,9,5230,-114.09286499023438,54.406646728515625,0.2878585457801819,0.1971268206834793,1,False
20150707_0300,8,3823,-119.69876098632812,56.93465042114258,0.24215218424797058,0.24928981065750122,1,False
20150707_0300,8,4338,-117.43999481201172,59.57487106323242,0.3237963318824768,0.35520610213279724,1,False
20150707_0300,8,4813,-115.58917236328125,57.42535400390625,0.2180377095937729,0.22233109176158905,1,False
20150707_0300,8,5230,-114.09286499023438,54.40664291381836,0.2010827660560608,0.19636446237564087,1,False
20150707_0300,8,9449,-100.95453643798828,52.600711822509766,0.17963489890098572,0.2292923778295517,1,False
20150707_0300,9,4338,-117.34257507324219,59.74941635131836,0.39052292704582214,0.3539789915084839,1,False
20150707_0300,9,6548,-109.60177612304688,55.92334747314453,0.32955846190452576,0.23258769512176514,1,False
20150707_0300,9,9449,-100.95453643798828,52.600711822509766,0.23139643669128418,0.2292923778295517,1,False
20150707_0600,8,3823,-119.69874572753906,56.93465042114258,0.19682621955871582,0.2490682452917099,1,False
20150707_0600,9,4338,-117.43999481201172,59.57487106323242,0.3519700765609741,0.35576963424682617,1,False
20150707_0600,9,4813,-115.58915710449219,57.42535400390625,0.22645297646522522,0.2191741019487381,1,False
20150707_0600,9,5230,-114.09286499023438,54.40664291381836,0.20642578601837158,0.19558382034301758,1,False
20150707_0600,9,6548,-109.60177612304688,55.92334747314453,0.33981049060821533,0.25936684012413025,1,False
20150707_1800,8,3823,-119.69874572753906,56.93465042114258,0.31005558371543884,0.24021977186203003,1,False
20150707_1800,8,4338,-117.43999481201172,59.57487106323242,0.39241161942481995,0.34855470061302185,1,False
20150707_1800,8,4813,-115.58916473388672,57.425357818603516,0.21710547804832458,0.2142876833677292,1,False
20150707_1800,8,9449,-100.95453643798828,52.600711822509766,0.21597832441329956,0.2140183001756668,1,False
20150707_1800,9,4813,-115.58916473388672,57.425357818603516,0.27370214462280273,0.2142876833677292,1,False
20150707_1800,9,5230,-114.09286499023438,54.406646728515625,0.21473759412765503,0.19409358501434326,1,False
20150707_1800,9,6548,-109.60177612304688,55.92334747314453,0.3049202561378479,0.25687921047210693,1,False
20150708_0300,8,3823,-119.69876098632812,56.93465042114258,0.365490585565567,0.24793416261672974,1,False
20150708_0300,8,4338,-117.43999481201172,59.57487106323242,0.3709135949611664,0.33565089106559753,1,False
20150708_0300,8,4813,-115.58915710449219,57.42535400390625,0.25591403245925903,0.20611411333084106,1,False
20150708_0300,8,5230,-114.09286499023438,54.40664291381836,0.23002852499485016,0.18510572612285614,1,False
20150708_0300,8,6548,-109.60177612304688,55.92334747314453,0.20744526386260986,0.24640363454818726,1,False
20150708_0300,9,6548,-109.60177612304688,55.92334747314453,0.20744526386260986,0.24640363454818726,1,False
20150708_0300,9,9449,-100.95453643798828,52.600711822509766,0.22535258531570435,0.22152502834796906,1,False
20150708_0600,8,3823,-119.69874572753906,56.93465042114258,0.2803516983985901,0.26366719603538513,1,False
20150708_0600,8,4338,-117.43999481201172,59.57487106323242,0.3698734939098358,0.33939695358276367,1,False
20150708_0600,8,4813,-115.58915710449219,57.42535400390625,0.24137350916862488,0.2108774185180664,1,False
20150708_0600,8,5230,-114.09286499023438,54.40664291381836,0.20131240785121918,0.1977541595697403,1,False
20150708_1800,8,3823,-119.69874572753906,56.93465805053711,0.34991034865379333,0.2611235976219177,1,False
20150708_1800,8,4338,-117.43999481201172,59.57487106323242,0.35091474652290344,0.33968034386634827,1,False
20150708_1800,8,4813,-115.58915710449219,57.42535400390625,0.2666547894477844,0.21938832104206085,1,False
20150708_1800,8,5230,-114.1103744506836,54.43255615234375,0.25002527236938477,0.19079138338565826,1,False
20150708_1800,8,6548,-109.60177612304688,55.92334747314453,0.2862257957458496,0.22797967493534088,1,False
20150708_1800,8,9449,-100.95453643798828,52.600711822509766,0.21894758939743042,0.21919290721416473,1,False
20150708_1800,9,9449,-100.95453643798828,52.600711822509766,0.22312061488628387,0.21919290721416473,1,False
20150709_0300,8,4338,-117.43999481201172,59.57487106323242,0.3938041925430298,0.3382831811904907,1,False
20150709_0300,8,4813,-115.58917236328125,57.42535400390625,0.3283330500125885,0.20832408964633942,1,False
20150709_0300,8,6548,-109.60177612304688,55.92334747314453,0.3376563489437103,0.24850261211395264,1,False
20150709_0300,8,9449,-100.95453643798828,52.600711822509766,0.21345043182373047,0.20822614431381226,1,False
20150709_0300,9,3823,-119.69876098632812,56.93465042114258,0.33574536442756653,0.263029545545578,1,False
20150709_0300,9,9449,-100.95453643798828,52.600711822509766,0.20746174454689026,0.20822614431381226,1,False
20150709_0600,8,4338,-117.43999481201172,59.57487106323242,0.309557169675827,0.3434584140777588,1,False
20150709_0600,8,4813,-115.58915710449219,57.42535400390625,0.22331181168556213,0.22337116301059723,1,False
20150709_0600,8,5230,-114.09286499023438,54.40664291381836,0.18550889194011688,0.17897729575634003,1,False
20150709_0600,8,6548,-109.60177612304688,55.92334747314453,0.3457428812980652,0.2612345814704895,1,False
20150709_1500,9,9449,-100.95453643798828,52.600711822509766,0.2629047632217407,0.20826320350170135,1,False
20150709_1800,8,5230,-114.09286499023438,54.40664291381836,0.281699538230896,0.17986030876636505,1,False
20150709_1800,8,6548,-109.60177612304688,55.9233512878418,0.3012044429779053,0.2545592784881592,1,False
20150709_2100,9,3823,-119.69874572753906,56.93465805053711,0.3875139355659485,0.25873902440071106,1,False
20150709_2100,9,4338,-117.48189544677734,59.356719970703125,0.4122098684310913,0.3308539092540741,1,True
20150710_0300,8,6548,-109.60177612304688,55.92334747314453,0.33440858125686646,0.2445874959230423,1,False
20150710_0300,8,9449,-100.95453643798828,52.600711822509766,0.26719793677330017,0.20642323791980743,1,False
20150710_0300,9,3823,-119.69874572753906,56.93465042114258,0.3652127981185913,0.2663731276988983,1,False
20150710_0300,9,4338,-117.43999481201172,59.57487106323242,0.4329378604888916,0.3600916862487793,1,False
20150710_0300,9,4813,-115.58917236328125,57.42535400390625,0.22122013568878174,0.24643737077713013,1,False
20150710_0300,9,5230,-114.09286499023438,54.40664291381836,0.24901384115219116,0.16673769056797028,1,False
20150710_0600,9,3823,-119.69874572753906,56.93465042114258,0.3013840615749359,0.27540725469589233,1,False
20150710_0600,9,4338,-117.43999481201172,59.57487106323242,0.4058440327644348,0.3575534522533417,1,False
20150710_0600,9,4813,-115.61409759521484,57.41233444213867,0.17348216474056244,0.23434925079345703,1,False
20150710_1800,8,5230,-114.09286499023438,54.406646728515625,0.15945976972579956,0.18350155651569366,1,False
20150710_1800,8,6548,-109.60177612304688,55.92334747314453,0.30075502395629883,0.25336965918540955,1,False
20150710_1800,8,9449,-100.95453643798828,52.600711822509766,0.17947286367416382,0.21766544878482819,1,False
20150710_1800,9,3823,-119.69874572753906,56.93465042114258,0.37134408950805664,0.2710452377796173,1,False
20150710_1800,9,4338,-117.43999481201172,59.57487106323242,0.42307066917419434,0.3515518605709076,1,False
20150710_1800,9,4813,-115.58916473388672,57.425357818603516,0.2715584337711334,0.23106002807617188,1,False
20150710_1800,9,5230,-114.09286499023438,54.406646728515625,0.20060548186302185,0.18350155651569366,1,False
20150710_1800,9,9449,-100.95453643798828,52.600711822509766,0.27179789543151855,0.21766544878482819,1,False
20150711_0300,8,3823,-119.69874572753906,56.93465042114258,0.2769300639629364,0.2636416256427765,1,False
20150711_0300,8,9449,-100.95453643798828,52.600711822509766,0.2435162365436554,0.20881415903568268,1,False
20150711_0300,9,4338,-117.43999481201172,59.57487106323242,0.4138639569282532,0.34403231739997864,1,False
20150711_0300,9,4813,-115.58917236328125,57.42535400390625,0.3336033523082733,0.2178143709897995,1,False
20150711_0300,9,5230,-114.09286499023438,54.40664291381836,0.28194180130958557,0.15482033789157867,1,False
20150711_0300,9,6548,-109.60177612304688,55.92334747314453,0.31428176164627075,0.2449169009923935,1,False
20150711_0600,9,3823,-119.69874572753906,56.93465042114258,0.2641374468803406,0.26240018010139465,1,False
20150711_0600,9,4338,-117.43999481201172,59.57487106323242,0.37737807631492615,0.35181987285614014,1,False
20150711_0600,9,4813,-115.58915710449219,57.42535400390625,0.3117593824863434,0.23271755874156952,1,False
20150711_0600,9,5230,-114.09286499023438,54.40664291381836,0.23811931908130646,0.19311074912548065,1,False
20150711_1500,8,9449,-100.95453643798828,52.600711822509766,0.2704850733280182,0.22015756368637085,1,False
20150711_1800,8,3823,-119.69874572753906,56.93465042114258,0.27676790952682495,0.256601482629776,1,False
20150711_1800,8,4338,-117.43998718261719,59.57487106323242,0.4158284664154053,0.36018943786621094,1,False
20150711_1800,8,9449,-100.95453643798828,52.600711822509766,0.2683580815792084,0.22298921644687653,1,False
20150711_1800,9,3823,-119.69874572753906,56.93465042114258,0.2798731029033661,0.256601482629776,1,False
20150711_1800,9,4338,-117.43998718261719,59.57487106323242,0.4004363715648651,0.36018943786621094,1,False
20150711_1800,9,4813,-115.58916473388672,57.425357818603516,0.33947160840034485,0.2538973391056061,1,False
20150711_1800,9,5230,-114.09286499023438,54.406646728515625,0.30890321731567383,0.19641388952732086,1,False
20150711_2100,8,4338,-117.60650634765625,59.707740783691406,0.37556785345077515,0.36925944685935974,1,False
20150712_0300,8,3823,-119.69876098632812,56.93465042114258,0.4217235743999481,0.25060564279556274,1,False
20150712_0300,8,4338,-117.43999481201172,59.57487106323242,0.3753325939178467,0.34602808952331543,1,False
20150712_0300,8,4813,-115.58915710449219,57.42535400390625,0.2910212576389313,0.2361258864402771,1,False
20150712_0300,8,5230,-114.09286499023438,54.40664291381836,0.2616352140903473,0.19787921011447906,1,False
20150712_0300,9,6548,-109.60177612304688,55.92334747314453,0.3748065233230591,0.255264550447464,1,False
20150712_0300,9,9449,-100.95453643798828,52.600711822509766,0.26349353790283203,0.21291224658489227,1,False
20150712_0600,8,3823,-119.69874572753906,56.93465042114258,0.37924355268478394,0.2758932411670685,1,False
20150712_0600,8,4338,-117.51899719238281,59.559165954589844,0.3833226263523102,0.3464362323284149,1,False
20150712_0600,9,4813,-115.58915710449219,57.42535400390625,0.2967749536037445,0.23871959745883942,1,False
20150712_0600,9,5230,-114.09286499023438,54.40664291381836,0.22747322916984558,0.21127021312713623,1,False
20150712_0600,9,6548,-109.60177612304688,55.92334747314453,0.33908331394195557,0.26659712195396423,1,False
20150712_1800,8,3823,-119.69874572753906,56.93465042114258,0.3371690809726715,0.26625871658325195,1,False
20150712_1800,8,4338,-117.43999481201172,59.57487106323242,0.38802510499954224,0.34803012013435364,1,False
20150712_1800,8,4813,-115.58915710449219,57.42535400390625,0.2606165409088135,0.2305832952260971,1,False
20150712_1800,8,9449,-100.95453643798828,52.600711822509766,0.21813496947288513,0.2490633875131607,1,False
20150712_1800,9,4813,-115.49981689453125,57.37297821044922,0.3749524652957916,0.26193806529045105,1,False
20150712_1800,9,6548,-109.60177612304688,55.92334747314453,0.3647735118865967,0.25788038969039917,1,False
20150713_0300,8,3823,-119.67304992675781,56.98896026611328,0.3238336443901062,0.25246620178222656,1,False
20150713_0300,8,4338,-117.43999481201172,59.57487106323242,0.397295743227005,0.33680880069732666,1,False
20150713_0300,8,4813,-115.58915710449219,57.42535400390625,0.43546560406684875,0.2293098121881485,1,False
20150713_0300,8,5230,-114.09286499023438,54.40664291381836,0.25772541761398315,0.2842331528663635,1,False
20150713_0300,8,6548,-109.60177612304688,55.92334747314453,0.29984360933303833,0.25206178426742554,1,False
20150713_0300,9,6548,-109.60177612304688,55.92334747314453,0.2921954095363617,0.25206178426742554,1,False
20150713_0300,9,9449,-100.95453643798828,52.600711822509766,0.3140524625778198,0.2528621256351471,1,False
20150713_0600,8,3823,-119.69874572753906,56.93465042114258,0.24855998158454895,0.25711789727211,1,False
20150713_0600,8,4813,-115.58915710449219,57.42535400390625,0.4553698003292084,0.25107696652412415,1,False
20150713_0600,8,5230,-114.09286499023438,54.40664291381836,0.27105948328971863,0.26745253801345825,1,False
20150713_1500,9,9449,-100.95453643798828,52.600711822509766,0.27745625376701355,0.265311062335968,1,False
20150713_1800,8,3823,-119.69874572753906,56.93465805053711,0.29901063442230225,0.25240424275398254,1,False
20150713_1800,8,4338,-117.43999481201172,59.57487106323242,0.3989832401275635,0.35296830534935,1,False
20150713_1800,8,4813,-115.58916473388672,57.42535400390625,0.34661510586738586,0.23944659531116486,1,False
20150713_1800,8,5230,-114.09286499023438,54.40664291381836,0.2629221975803375,0.24536240100860596,1,False
20150714_0300,8,4338,-117.43999481201172,59.57487106323242,0.4451126158237457,0.3370719254016876,1,False
20150714_0300,8,6548,-109.60177612304688,55.92334747314453,0.36213043332099915,0.28107354044914246,1,False
20150714_0300,8,9449,-100.95453643798828,52.600711822509766,0.217758446931839,0.23488251864910126,1,False
20150714_0300,9,3823,-119.69876098632812,56.93465042114258,0.32622963190078735,0.25082871317863464,1,False
20150714_0300,9,4338,-117.54419708251953,59.53207778930664,0.4679202139377594,0.3383919298648834,1,False
20150714_0300,9,5230,-114.09286499023438,54.40664291381836,0.20288214087486267,0.22893227636814117,1,False
20150714_0300,9,9449,-100.95453643798828,52.600711822509766,0.23267781734466553,0.23488251864910126,1,False
20150714_0600,8,4338,-117.43999481201172,59.57487106323242,0.35062941908836365,0.3654603660106659,1,False
20150714_0600,8,4813,-115.58915710449219,57.42535400390625,0.2334946244955063,0.23514153063297272,1,False
20150714_0600,8,5230,-114.09286499023438,54.40664291381836,0.1936900019645691,0.21929900348186493,1,False
20150714_0600,8,6548,-109.60177612304688,55.92334747314453,0.34918469190597534,0.278004914522171,1,False
20150714_0600,9,3823,-119.8102035522461,56.892093658447266,0.3402644991874695,0.295334130525589,1,False
20150714_1500,9,9449,-100.95453643798828,52.600711822509766,0.25884267687797546,0.2226085513830185,1,False
20150714_1800,8,4813,-115.58916473388672,57.425357818603516,0.2786272466182709,0.22893761098384857,1,False
20150714_1800,8,5230,-114.09286499023438,54.406646728515625,0.264347642660141,0.20650403201580048,1,False
20150714_1800,8,6548,-109.60177612304688,55.9233512878418,0.3825952410697937,0.27598676085472107,1,False
20150714_1800,9,3823,-119.69874572753906,56.93465805053711,0.35358312726020813,0.2602217197418213,1,False
20150714_1800,9,4338,-117.43998718261719,59.57487106323242,0.4397220015525818,0.35958540439605713,1,False
20150715_0300,8,6548,-109.60177612304688,55.92334747314453,0.33636772632598877,0.2652660012245178,1,False
20150715_0300,8,9449,-100.95453643798828,52.600711822509766,0.2846531569957733,0.2192527800798416,1,False
20150715_0300,9,3823,-119.69874572753906,56.93465042114258,0.3334520161151886,0.26010361313819885,1,False
20150715_0300,9,4338,-117.43999481201172,59.57487106323242,0.5214634537696838,0.3586595058441162,1,False
20150715_0300,9,4813,-115.58915710449219,57.42535400390625,0.3131386339664459,0.21904341876506805,1,False
20150715_0300,9,5230,-114.09286499023438,54.40664291381836,0.24704411625862122,0.1917330026626587,1,False
20150715_0300,9,6548,-109.62364196777344,55.90507507324219,0.3959868550300598,0.271001398563385,1,False
20150715_0600,9,3823,-119.69874572753906,56.93465042114258,0.2686960995197296,0.26812687516212463,1,False
20150715_0600,9,4338,-117.43999481201172,59.57487106323242,0.49708491563796997,0.36677905917167664,1,False
20150715_0600,9,4813,-115.58915710449219,57.42535400390625,0.29805880784988403,0.23081403970718384,1,False
20150715_0600,9,5230,-114.17323303222656,54.415863037109375,0.23953469097614288,0.2151482254266739,1,False
20150715_1800,8,5230,-114.0636978149414,54.363460540771484,0.17374077439308167,0.19790323078632355,1,True
20150715_1800,8,6548,-109.60177612304688,55.92334747314453,0.34794801473617554,0.263256311416626,1,False
20150715_1800,8,9449,-100.95453643798828,52.600711822509766,0.2549261450767517,0.2377130538225174,1,False
20150715_1800,9,3823,-119.69874572753906,56.93465042114258,0.29711249470710754,0.2573767602443695,1,False
20150715_1800,9,4338,-117.43998718261719,59.57487106323242,0.4472244083881378,0.35454419255256653,1,False
20150715_1800,9,4813,-115.58916473388672,57.425357818603516,0.3560270667076111,0.22911518812179565,1,False
20150716_0300,8,3823,-119.69874572753906,56.93465042114258,0.24006003141403198,0.2610965073108673,1,False
20150716_0300,8,9449,-100.95453643798828,52.600711822509766,0.3032711446285248,0.23300205171108246,1,False
20150716_0300,9,4338,-117.43999481201172,59.57487106323242,0.44244399666786194,0.3390876352787018,1,False
20150716_0300,9,4813,-115.58917236328125,57.42535400390625,0.3192669451236725,0.2248549908399582,1,False
20150716_0300,9,5230,-114.09286499023438,54.40664291381836,0.26046472787857056,0.18059295415878296,1,False
20150716_0300,9,6548,-109.60177612304688,55.92334747314453,0.3157857656478882,0.2517058253288269,1,False
20150716_0600,9,3823,-119.69874572753906,56.93465042114258,0.2533876895904541,0.25432586669921875,1,False
20150716_0600,9,4338,-117.43999481201172,59.57487106323242,0.39783215522766113,0.35838666558265686,1,False
20150716_0600,9,4813,-115.58915710449219,57.42535400390625,0.2573948800563812,0.23577968776226044,1,False
20150716_0600,9,6548,-109.60177612304688,55.92334747314453,0.30983737111091614,0.2616148889064789,1,False
20150716_1500,8,9449,-100.95453643798828,52.600711822509766,0.3084864318370819,0.2481224685907364,1,False
20150716_1800,8,3823,-119.69874572753906,56.93465042114258,0.3540210425853729,0.26742038130760193,1,False
20150716_1800,8,4338,-117.43998718261719,59.57487106323242,0.3538188934326172,0.35168418288230896,1,False
20150716_1800,8,9449,-100.95453643798828,52.600711822509766,0.27990877628326416,0.25558239221572876,1,False
20150716_1800,9,3823,-119.69874572753906,56.93465042114258,0.37767675518989563,0.26742038130760193,1,False
20150716_1800,9,4338,-117.43998718261719,59.57487869262695,0.38956210017204285,0.35168418288230896,1,False
20150716_1800,9,4813,-115.58916473388672,57.425357818603516,0.2572731673717499,0.22743885219097137,1,False
20150716_1800,9,5230,-114.09286499023438,54.406646728515625,0.28324002027511597,0.24421213567256927,1,False
20150716_1800,9,6548,-109.60177612304688,55.92334747314453,0.3439056873321533,0.25766631960868835,1,False
20150716_2100,8,4338,-117.43998718261719,59.57487106323242,0.3916265666484833,0.34916922450065613,1,False
20150717_0300,8,3823,-119.69874572753906,56.93465042114258,0.3429468870162964,0.2664129436016083,1,False
20150717_0300,8,4338,-117.43999481201172,59.57487106323242,0.365513414144516,0.34729424118995667,1,False
20150717_0300,8,4813,-115.58915710449219,57.42535400390625,0.266234427690506,0.21846313774585724,1,False
20150717_0300,9,9449,-100.95453643798828,52.600711822509766,0.25393372774124146,0.24463047087192535,1,False
20150717_0600,8,3823,-119.69874572753906,56.93465042114258,0.26546549797058105,0.27032220363616943,1,False
20150717_0600,8,4338,-117.43999481201172,59.57487106323242,0.33425334095954895,0.34693095088005066,1,False
20150717_1800,8,3823,-119.69874572753906,56.93465042114258,0.35463079810142517,0.2574738562107086,1,False
20150717_1800,8,4338,-117.43999481201172,59.57487106323242,0.3929193913936615,0.33872926235198975,1,False
20150717_1800,8,4813,-115.58915710449219,57.42535400390625,0.2871212959289551,0.22422730922698975,1,False
20150717_1800,8,5230,-114.09286499023438,54.406646728515625,0.324861079454422,0.2729134261608124,1,False
20150717_1800,8,9449,-100.95453643798828,52.600711822509766,0.24402979016304016,0.2711887061595917,1,False
20150718_0300,8,4338,-117.43999481201172,59.57487106323242,0.3935851454734802,0.3374926745891571,1,False
20150718_0300,8,4813,-115.58917236328125,57.42535400390625,0.2689213454723358,0.21207882463932037,1,False
20150718_0300,8,5230,-114.09286499023438,54.40664291381836,0.27018028497695923,0.24002783000469208,1,False
20150718_0300,8,6548,-109.60177612304688,55.92334747314453,0.3782077729701996,0.2992558181285858,1,False
20150718_0300,9,3823,-119.76318359375,56.86021041870117,0.33119261264801025,0.27503034472465515,1,False
20150718_0300,9,9449,-100.95453643798828,52.600711822509766,0.24481460452079773,0.24187447130680084,1,False
20150718_0600,8,3823,-119.69874572753906,56.93465042114258,0.21693076193332672,0.2594895660877228,1,False
20150718_0600,8,4338,-117.43999481201172,59.57487106323242,0.3734454810619354,0.34393906593322754,1,False
20150718_0600,8,4813,-115.58915710449219,57.42535400390625,0.24349786341190338,0.22028715908527374,1,False
20150718_0600,8,5230,-114.09286499023438,54.40664291381836,0.28309166431427,0.23958320915699005,1,False
20150718_1500,9,9449,-100.95453643798828,52.600711822509766,0.23293089866638184,0.23192691802978516,1,False
20150718_1800,8,3823,-119.69874572753906,56.93465805053711,0.2679727077484131,0.24098199605941772,1,False
20150718_1800,8,4338,-117.43998718261719,59.57487106323242,0.3694305717945099,0.3389931917190552,1,False
20150718_1800,8,4813,-115.58916473388672,57.42535400390625,0.2873159945011139,0.21156977117061615,1,False
20150718_1800,8,5230,-114.09286499023438,54.40664291381836,0.3127998113632202,0.23069973289966583,1,False
20150718_1800,8,6548,-109.60177612304688,55.92334747314453,0.34801989793777466,0.29628583788871765,1,False
20150719_0300,8,4338,-117.34257507324219,59.74941635131836,0.33084923028945923,0.3567386865615845,1,False
20150719_0300,8,6548,-109.60177612304688,55.92334747314453,0.31233686208724976,0.29727062582969666,1,False
20150719_0300,8,9449,-100.95453643798828,52.600711822509766,0.1648545265197754,0.22516711056232452,1,False
20150719_0300,9,3823,-119.69874572753906,56.93465042114258,0.3512941598892212,0.23759515583515167,1,False
20150719_0300,9,4338,-117.43999481201172,59.57487106323242,0.35593220591545105,0.36105188727378845,1,False
20150719_0300,9,4813,-115.58915710449219,57.42535400390625,0.4283742308616638,0.20858050882816315,1,False
20150719_0300,9,5230,-114.09286499023438,54.40664291381836,0.3251337707042694,0.21199727058410645,1,False
20150719_0300,9,9449,-100.95453643798828,52.600711822509766,0.1671578288078308,0.22516711056232452,1,False
20150719_0600,8,4338,-117.43999481201172,59.57487106323242,0.3271356523036957,0.3511536419391632,1,False
20150719_0600,8,4813,-115.58915710449219,57.42535400390625,0.3911711573600769,0.24402427673339844,1,False
20150719_0600,8,5230,-114.09286499023438,54.40664291381836,0.30956795811653137,0.22611691057682037,1,False
20150719_0600,8,6548,-109.60177612304688,55.92334747314453,0.3832714557647705,0.2986408770084381,1,False
20150719_0600,9,3823,-119.69874572753906,56.93465042114258,0.29940006136894226,0.26310840249061584,1,False
20150719_1800,8,4813,-115.58916473388672,57.425357818603516,0.2967250943183899,0.23560695350170135,1,False
20150719_1800,8,5230,-114.09286499023438,54.406646728515625,0.2717120349407196,0.2236076146364212,1,False
20150719_1800,8,6548,-109.60177612304688,55.9233512878418,0.3566889762878418,0.3111490309238434,1,False
20150719_1800,9,3823,-119.69874572753906,56.93465805053711,0.3528394103050232,0.25297823548316956,1,False
20150719_1800,9,4338,-117.43998718261719,59.57487106323242,0.4016556739807129,0.34259459376335144,1,False
20150720_0300,8,6548,-109.60177612304688,55.92334747314453,0.3188866078853607,0.2998711168766022,1,False
20150720_0300,8,9449,-100.95453643798828,52.600711822509766,0.18977780640125275,0.2241363674402237,1,False
20150720_0300,9,3823,-119.69874572753906,56.93465042114258,0.344096839427948,0.24656027555465698,1,False
20150720_0300,9,4338,-117.43999481201172,59.57487106323242,0.37248027324676514,0.3383921682834625,1,False
20150720_0300,9,4813,-115.58917236328125,57.42535400390625,0.2993936538696289,0.21978528797626495,1,False
20150720_0300,9,5230,-114.09286499023438,54.40664291381836,0.24299609661102295,0.19910980761051178,1,False
20150720_0300,9,6548,-109.60177612304688,55.92334747314453,0.35687726736068726,0.2998711168766022,1,False
20150720_0600,9,3823,-119.69874572753906,56.93465042114258,0.23495018482208252,0.2519474923610687,1,False
20150720_0600,9,4338,-117.43999481201172,59.57487106323242,0.38177725672721863,0.34449875354766846,1,False
20150720_0600,9,4813,-115.58915710449219,57.42535400390625,0.2647000253200531,0.22795133292675018,1,False
20150720_0600,9,5230,-114.09286499023438,54.40664291381836,0.24131286144256592,0.20512472093105316,1,False
20150720_1500,8,9449,-100.95453643798828,52.600711822509766,0.21301224827766418,0.21518544852733612,1,False
20150720_1800,8,6548,-109.60177612304688,55.92334747314453,0.33224526047706604,0.29365596175193787,1,False
20150720_1800,9,3823,-119.69874572753906,56.93465042114258,0.32178235054016113,0.2439287155866623,1,False
20150720_1800,9,4338,-117.43998718261719,59.57487869262695,0.38160941004753113,0.34299230575561523,1,False
20150720_1800,9,4813,-115.58916473388672,57.425357818603516,0.3353891968727112,0.22234618663787842,1,False
20150721_0300,8,5230,-114.269287109375,54.241172790527344,0.26595407724380493,0.20047299563884735,1,False
20150721_0300,8,9449,-100.95453643798828,52.600711822509766,0.1648545265197754,0.19916929304599762,1,False
20150721_0300,9,4338,-117.43999481201172,59.57487106323242,0.40260374546051025,0.33140817284584045,1,False
20150721_0300,9,4813,-115.58917236328125,57.42535400390625,0.3159038722515106,0.22373263537883759,1,False
20150721_0300,9,6548,-109.60177612304688,55.92334747314453,0.3263223469257355,0.28401467204093933,1,False
20150721_0600,9,4338,-117.43999481201172,59.57487106323242,0.36077120900154114,0.3414032459259033,1,False
20150721_0600,9,4813,-115.58915710449219,57.42535400390625,0.256642609834671,0.2376510351896286,1,False
20150721_0600,9,6548,-109.60177612304688,55.92334747314453,0.3120407462120056,0.28829506039619446,1,False
20150721_1500,8,9449,-100.95453643798828,52.600711822509766,0.25019749999046326,0.19258926808834076,1,False
20150721_1800,8,3823,-119.69874572753906,56.93465042114258,0.33912554383277893,0.2902238070964813,1,False
20150721_1800,8,9449,-100.95453643798828,52.600711822509766,0.23017700016498566,0.2135867327451706,1,False
20150721_1800,9,4813,-115.58916473388672,57.425357818603516,0.4186490774154663,0.28325197100639343,1,False
20150721_1800,9,5230,-114.09286499023438,54.406646728515625,0.3091869652271271,0.2503431737422943,1,False
20150721_1800,9,6548,-109.60177612304688,55.92334747314453,0.3536156713962555,0.28176072239875793,1,False
20150722_0300,8,3823,-119.69876098632812,56.93465042114258,0.2998408079147339,0.2896324694156647,1,False
20150722_0300,8,4813,-115.58915710449219,57.42535400390625,0.32350799441337585,0.2738811671733856,1,False
20150722_0300,8,5230,-114.09286499023438,54.40664291381836,0.2582627832889557,0.2365954965353012,1,False
20150722_0300,9,6548,-109.60177612304688,55.92334747314453,0.3944515287876129,0.28730204701423645,1,False
20150722_0300,9,9449,-100.95453643798828,52.600711822509766,0.23227593302726746,0.20577935874462128,1,False
20150722_0600,8,3823,-119.69874572753906,56.93465042114258,0.2980760335922241,0.2873336374759674,1,False
20150722_0600,8,4813,-115.58915710449219,57.42535400390625,0.32809361815452576,0.27905967831611633,1,False
20150722_0600,9,6548,-109.60177612304688,55.92334747314453,0.3220371603965759,0.2946602404117584,1,False
20150722_1800,8,3823,-119.69874572753906,56.93465042114258,0.2929847538471222,0.2989009916782379,1,False
20150722_1800,8,4813,-115.58916473388672,57.42535400390625,0.25676316022872925,0.27416422963142395,1,False
20150722_1800,8,5230,-114.09286499023438,54.406646728515625,0.23279482126235962,0.23011380434036255,1,False
20150722_1800,8,9449,-100.95453643798828,52.600711822509766,0.2195814847946167,0.20774616301059723,1,False
20150723_0300,8,4338,-117.43999481201172,59.57487106323242,0.37516555190086365,0.39325276017189026,1,False
20150723_0300,8,5230,-114.09286499023438,54.40664291381836,0.22974541783332825,0.20689493417739868,1,False
20150723_0300,9,3823,-119.69876098632812,56.93465042114258,0.3479992747306824,0.2982783615589142,1,False
20150723_0300,9,9449,-100.95453643798828,52.600711822509766,0.2915099263191223,0.20844580233097076,1,False
20150723_0600,8,3823,-119.69874572753906,56.93465042114258,0.3166652321815491,0.2959463894367218,1,False
20150723_0600,8,4338,-117.43999481201172,59.57487106323242,0.3599632680416107,0.3879382908344269,1,False
20150723_0600,8,5230,-114.09286499023438,54.40664291381836,0.2743789553642273,0.20901334285736084,1,False
20150723_1500,9,9449,-100.95453643798828,52.600711822509766,0.2882707417011261,0.23983348906040192,1,False
20150723_1800,8,3823,-119.69874572753906,56.93465042114258,0.33180615305900574,0.28746843338012695,1,False
20150723_1800,8,4338,-117.43998718261719,59.57487106323242,0.3847162127494812,0.37738338112831116,1,False
20150723_1800,8,4813,-115.58916473388672,57.42535400390625,0.25681138038635254,0.2819803059101105,1,False
20150723_1800,8,5230,-114.09286499023438,54.40664291381836,0.29012709856033325,0.22039206326007843,1,False
20150723_1800,8,6548,-109.60177612304688,55.92334747314453,0.2873463034629822,0.2835889756679535,1,False
20150724_0300,8,6548,-109.60177612304688,55.92334747314453,0.34517019987106323,0.28053173422813416,1,False
20150724_0300,8,9449,-100.95453643798828,52.600711822509766,0.17401066422462463,0.21243993937969208,1,False
20150724_0300,9,3823,-119.69874572753906,56.93465042114258,0.36220237612724304,0.27910345792770386,1,False
20150724_0300,9,4338,-117.43999481201172,59.57487106323242,0.3488982319831848,0.37140095233917236,1,False
20150724_0300,9,4813,-115.58917236328125,57.42535400390625,0.2300642430782318,0.2758229076862335,1,False
20150724_0300,9,5230,-114.09286499023438,54.40664291381836,0.2362474501132965,0.22754031419754028,1,False
20150724_0300,9,9449,-100.95453643798828,52.600711822509766,0.18263843655586243,0.21243993937969208,1,False
20150724_0600,8,4813,-115.58915710449219,57.42535400390625,0.2065526247024536,0.2672392427921295,1,False
20150724_0600,8,5230,-114.09286499023438,54.40664291381836,0.21866726875305176,0.22720307111740112,1,False
20150724_0600,8,6548,-109.60177612304688,55.92334747314453,0.3216451108455658,0.28742167353630066,1,False
20150724_0600,9,3823,-119.69874572753906,56.93465042114258,0.30646055936813354,0.28525999188423157,1,False
20150724_1800,8,4813,-115.54325866699219,57.34044647216797,0.32772716879844666,0.27012667059898376,1,False
20150724_1800,8,5230,-114.09286499023438,54.406646728515625,0.2795265316963196,0.2167789489030838,1,False
20150724_1800,8,6548,-109.60177612304688,55.9233512878418,0.32025545835494995,0.2803393304347992,1,False
20150724_1800,9,3823,-119.69874572753906,56.93465042114258,0.3647240102291107,0.27602267265319824,1,False
20150724_1800,9,4338,-117.43998718261719,59.57487106323242,0.4385037422180176,0.36864373087882996,1,False
20150725_0300,8,6548,-109.60177612304688,55.92334747314453,0.25008928775787354,0.2712433636188507,1,False
20150725_0300,8,9449,-100.95453643798828,52.600711822509766,0.20658835768699646,0.18496523797512054,1,False
20150725_0300,9,3823,-119.69876098632812,56.93465042114258,0.34390777349472046,0.2720656096935272,1,False
20150725_0300,9,4338,-117.43999481201172,59.57487106323242,0.4604306221008301,0.38703057169914246,1,False
20150725_0300,9,4813,-115.58917236328125,57.42535400390625,0.30231693387031555,0.2560681402683258,1,False
20150725_0300,9,5230,-114.09286499023438,54.40664291381836,0.275014728307724,0.22833269834518433,1,False
20150725_0300,9,6548,-109.60177612304688,55.92334747314453,0.2958708107471466,0.2712433636188507,1,False
20150725_0600,9,3823,-119.69874572753906,56.93465042114258,0.25873371958732605,0.2779912054538727,1,False
20150725_0600,9,4338,-117.43999481201172,59.57487106323242,0.4410785436630249,0.3878656327724457,1,False
20150725_0600,9,4813,-115.58915710449219,57.42535400390625,0.34735655784606934,0.2622474730014801,1,False
20150725_0600,9,5230,-114.09286499023438,54.40664291381836,0.3612877130508423,0.23782537877559662,1,False
20150725_1500,8,9449,-100.95453643798828,52.600711822509766,0.21741914749145508,0.1952970176935196,1,False
20150725_1800,8,6548,-109.60177612304688,55.92334747314453,0.2830987572669983,0.2643437683582306,1,False
20150725_1800,9,3823,-119.69874572753906,56.93465042114258,0.30720821022987366,0.26478955149650574,1,False
20150725_1800,9,4338,-117.43998718261719,59.57487869262695,0.40190958976745605,0.3839346170425415,1,False
20150725_1800,9,4813,-115.58916473388672,57.425357818603516,0.312561571598053,0.26444894075393677,1,False
20150725_1800,9,5230,-114.1764144897461,54.46932601928711,0.3020705580711365,0.25958704948425293,1,False
20150726_0300,8,3823,-119.69876098632812,56.93465042114258,0.236838698387146,0.2613530457019806,1,False
20150726_0300,8,4338,-117.49140930175781,59.5402946472168,0.40095454454421997,0.37954315543174744,1,False
20150726_0300,8,4813,-115.67057037353516,57.3332633972168,0.2628427743911743,0.2225034385919571,1,True
20150726_0300,8,5230,-114.09286499023438,54.40664291381836,0.28025686740875244,0.22786171734333038,1,False
20150726_0300,8,9449,-100.95453643798828,52.600711822509766,0.19622528553009033,0.1808706670999527,1,False
20150726_0300,9,4338,-117.43999481201172,59.57487106323242,0.40392613410949707,0.3792014420032501,1,False
20150726_0300,9,4813,-115.58917236328125,57.42535400390625,0.2954370081424713,0.24900037050247192,1,False
20150726_0300,9,6548,-109.60177612304688,55.92334747314453,0.3173774182796478,0.2576294541358948,1,False
20150726_0300,9,9449,-100.95453643798828,52.600711822509766,0.24591147899627686,0.1808706670999527,1,False
20150726_0600,8,3823,-119.7881088256836,56.925445556640625,0.2754545211791992,0.2767861783504486,1,False
20150726_0600,9,4338,-117.43999481201172,59.57487106323242,0.35718199610710144,0.3817245662212372,1,False
20150726_0600,9,4813,-115.58915710449219,57.42535400390625,0.2904864549636841,0.2580731213092804,1,False
20150726_0600,9,5230,-114.09286499023438,54.40664291381836,0.3028196394443512,0.2378765195608139,1,False
20150726_0600,9,6548,-109.60177612304688,55.92334747314453,0.3190530240535736,0.26955944299697876,1,False
20150726_1500,8,9449,-100.95453643798828,52.600711822509766,0.2712661325931549,0.1987677961587906,1,False
20150726_1800,8,3823,-119.69874572753906,56.93465042114258,0.2892906963825226,0.2560131251811981,1,False
20150726_1800,8,4813,-115.58916473388672,57.425357818603516,0.29038292169570923,0.25402259826660156,1,False
20150726_1800,8,9449,-100.95453643798828,52.600711822509766,0.22430835664272308,0.21515244245529175,1,False
20150726_1800,9,4813,-115.58916473388672,57.425357818603516,0.2675172686576843,0.25402259826660156,1,False
20150726_1800,9,5230,-114.09286499023438,54.406646728515625,0.3227708041667938,0.2301120162010193,1,False
20150726_1800,9,6548,-109.60177612304688,55.92334747314453,0.3524722158908844,0.29074522852897644,1,False
20150727_0300,8,3823,-119.69876098632812,56.93465042114258,0.2797393202781677,0.25860247015953064,1,False
20150727_0300,8,4338,-117.43999481201172,59.57487106323242,0.4192376434803009,0.39500871300697327,1,False
20150727_0300,8,4813,-115.58917236328125,57.42535400390625,0.23032698035240173,0.24190716445446014,1,False
20150727_0300,8,5230,-114.09286499023438,54.40664291381836,0.23674076795578003,0.21631918847560883,1,False
20150727_0300,8,6548,-109.60177612304688,55.92334747314453,0.391904354095459,0.2758996784687042,1,False
20150727_0300,9,6548,-109.60177612304688,55.92334747314453,0.334976464509964,0.2758996784687042,1,False
20150727_0300,9,9449,-100.95453643798828,52.600711822509766,0.2522745132446289,0.210470512509346,1,False
20150727_0600,8,3823,-119.69874572753906,56.93465042114258,0.23547092080116272,0.2594394087791443,1,False
20150727_0600,8,4338,-117.43999481201172,59.57487106323242,0.407839298248291,0.399741530418396,1,False
20150727_0600,8,4813,-115.58915710449219,57.42535400390625,0.2151506394147873,0.23975509405136108,1,False
20150727_0600,8,5230,-114.14525604248047,54.39274978637695,0.22105109691619873,0.22182436287403107,1,False
20150727_1800,8,3823,-119.69874572753906,56.93465042114258,0.31917092204093933,0.2505895793437958,1,False
20150727_1800,8,4338,-117.43999481201172,59.57487106323242,0.39350229501724243,0.38711726665496826,1,False
20150727_1800,8,4813,-115.58916473388672,57.425357818603516,0.2827782928943634,0.23720932006835938,1,False
20150727_1800,8,5230,-114.09286499023438,54.406646728515625,0.22414979338645935,0.21080262959003448,1,False
20150727_1800,8,9449,-100.95453643798828,52.600711822509766,0.16843454539775848,0.21262961626052856,1,False
20150728_0300,8,4338,-117.43999481201172,59.57487106323242,0.3792140781879425,0.3753216564655304,1,False
20150728_0300,8,4813,-115.58917236328125,57.42535400390625,0.2762701213359833,0.22998996078968048,1,False
20150728_0300,8,5230,-114.09286499023438,54.40664291381836,0.1809449940919876,0.1901932954788208,1,False
20150728_0300,8,6548,-109.60177612304688,55.92334747314453,0.2884853780269623,0.25996243953704834,1,False
20150728_0300,9,3823,-119.69876098632812,56.93465042114258,0.2795479893684387,0.2498384714126587,1,False
20150728_0300,9,9449,-100.95453643798828,52.600711822509766,0.2570686936378479,0.20849913358688354,1,False
20150728_0600,8,3823,-119.69876098632812,56.93465042114258,0.262886643409729,0.2533380091190338,1,False
20150728_0600,8,4338,-117.43999481201172,59.57487106323242,0.346600741147995,0.3737204372882843,1,False
20150728_0600,8,4813,-115.58915710449219,57.42535400390625,0.21374359726905823,0.23749037086963654,1,False
20150728_0600,8,5230,-114.09286499023438,54.40664291381836,0.2270422726869583,0.1878722459077835,1,False
20150728_0600,8,6548,-109.60177612304688,55.92334747314453,0.27525028586387634,0.26181575655937195,1,False
20150728_1800,8,3823,-119.69874572753906,56.93465042114258,0.2592935860157013,0.25119519233703613,1,False
20150728_1800,8,4338,-117.43998718261719,59.57487106323242,0.39084482192993164,0.3687642812728882,1,False
20150728_1800,8,4813,-115.58916473388672,57.42535400390625,0.29810285568237305,0.22679553925991058,1,False
20150728_1800,8,5230,-114.09286499023438,54.40664291381836,0.283008873462677,0.19480668008327484,1,False
20150728_1800,8,6548,-109.60177612304688,55.9233512878418,0.3221644163131714,0.2603432834148407,1,False
20150728_2100,9,4338,-117.47454071044922,59.72857666015625,0.45681172609329224,0.3516874313354492,1,True
20150729_0300,8,6548,-109.60177612304688,55.92334747314453,0.3160449266433716,0.2593512237071991,1,False
20150729_0300,9,3823,-119.69874572753906,56.93465042114258,0.33724963665008545,0.23622338473796844,1,False
20150729_0300,9,4338,-117.43999481201172,59.57487106323242,0.36326536536216736,0.37247732281684875,1,False
20150729_0300,9,4813,-115.58915710449219,57.42535400390625,0.2288399338722229,0.22795282304286957,1,False
20150729_0300,9,5230,-114.09286499023438,54.40664291381836,0.2059105634689331,0.19458186626434326,1,False
20150729_0600,8,6548,-109.60177612304688,55.92334747314453,0.2924829125404358,0.26720163226127625,1,False
20150729_0600,9,3823,-119.69874572753906,56.93465042114258,0.33163323998451233,0.26062825322151184,1,False
20150729_0600,9,4338,-117.54419708251953,59.53207778930664,0.3236302137374878,0.3763033151626587,1,False
20150729_1800,8,5230,-114.09286499023438,54.406646728515625,0.26252245903015137,0.19749565422534943,1,False
20150729_1800,8,6548,-109.6017837524414,55.9233512878418,0.32602202892303467,0.26315608620643616,1,False
20150729_1800,9,3823,-119.69874572753906,56.93465042114258,0.3534892797470093,0.27054741978645325,1,False
20150729_1800,9,4338,-117.43999481201172,59.57487106323242,0.38576972484588623,0.3635002672672272,1,False
20150729_1800,9,5230,-114.13883209228516,54.434051513671875,0.27835890650749207,0.19842897355556488,1,False
20150729_1800,9,9449,-100.95453643798828,52.600711822509766,0.3440170884132385,0.27707675099372864,1,False
20150730_0300,8,3823,-119.74222564697266,56.8660774230957,0.2841241657733917,0.28033891320228577,1,False
20150730_0300,8,9449,-100.95453643798828,52.600711822509766,0.24715988337993622,0.2676890194416046,1,False
20150730_0300,9,3823,-119.68120574951172,56.964683532714844,0.3599700927734375,0.26237520575523376,1,False
20150730_0300,9,4338,-117.43999481201172,59.57487106323242,0.4181847870349884,0.3643501102924347,1,False
20150730_0300,9,4813,-115.58917236328125,57.42535400390625,0.29346638917922974,0.2543071210384369,1,False
20150730_0300,9,5230,-114.09286499023438,54.40664291381836,0.20496803522109985,0.1989639401435852,1,False
20150730_0300,9,6548,-109.60177612304688,55.92334747314453,0.342399924993515,0.26767024397850037,1,False
20150730_0600,9,3823,-119.69874572753906,56.93465042114258,0.259616494178772,0.25484591722488403,1,False
20150730_0600,9,4338,-117.43999481201172,59.57487106323242,0.4223273992538452,0.37280014157295227,1,False
20150730_0600,9,4813,-115.58915710449219,57.42535400390625,0.2869190275669098,0.25969287753105164,1,False
20150730_0600,9,5230,-114.09286499023438,54.40664291381836,0.2592617869377136,0.19832706451416016,1,False
20150730_1500,8,9449,-100.95453643798828,52.600711822509766,0.251059889793396,0.2587852478027344,1,False
20150730_1800,8,6548,-109.60177612304688,55.92334747314453,0.29073619842529297,0.26744765043258667,1,False
20150730_1800,9,3823,-119.69874572753906,56.93465042114258,0.3112465441226959,0.24999374151229858,1,False
20150730_1800,9,4338,-117.43998718261719,59.57487106323242,0.4128042459487915,0.3716897666454315,1,False
20150730_1800,9,4813,-115.58916473388672,57.425357818603516,0.32281965017318726,0.25043216347694397,1,False
20150730_1800,9,5230,-114.09286499023438,54.406646728515625,0.3521776497364044,0.19867609441280365,1,False
20150731_0300,8,3823,-119.69874572753906,56.93465042114258,0.3054741322994232,0.2518933117389679,1,False
20150731_0300,8,4338,-117.43999481201172,59.57487106323242,0.3358539342880249,0.3562537431716919,1,False
20150731_0300,8,4813,-115.58915710449219,57.42535400390625,0.20879937708377838,0.24006085097789764,1,False
20150731_0300,8,5230,-114.09286499023438,54.40664291381836,0.1658252626657486,0.2104799747467041,1,False
20150731_0300,8,9449,-100.95453643798828,52.600711822509766,0.26405075192451477,0.2401893138885498,1,False
20150731_0300,9,4338,-117.43999481201172,59.57487106323242,0.413595050573349,0.3562537431716919,1,False
20150731_0300,9,4813,-115.41458129882812,57.51648712158203,0.4459545910358429,0.3014203608036041,1,False
20150731_0300,9,6548,-109.60177612304688,55.92334747314453,0.32433053851127625,0.25077810883522034,1,False
20150731_0300,9,9449,-100.95453643798828,52.600711822509766,0.322702556848526,0.2401893138885498,1,False
20150731_0600,8,3823,-119.69874572753906,56.93465042114258,0.27859729528427124,0.2577997148036957,1,False
20150731_0600,9,4338,-117.43999481201172,59.57487106323242,0.3269626796245575,0.35877636075019836,1,False
20150731_0600,9,4813,-115.58915710449219,57.42535400390625,0.20891384780406952,0.25408080220222473,1,False
20150731_0600,9,5230,-114.09286499023438,54.40664291381836,0.19967739284038544,0.19626466929912567,1,False
20150731_0600,9,6548,-109.60177612304688,55.92334747314453,0.3088615834712982,0.2668154537677765,1,False
20150731_1500,8,9449,-100.940185546875,52.512123107910156,0.1648545265197754,0.25861772894859314,1,False
20150731_1800,8,3823,-119.69874572753906,56.93465042114258,0.2939033806324005,0.2549256682395935,1,False
20150731_1800,8,4338,-117.43999481201172,59.57487106323242,0.3912339210510254,0.35250723361968994,1,False
20150731_1800,8,4813,-115.58916473388672,57.425357818603516,0.19787032902240753,0.24510973691940308,1,False
20150731_1800,8,9449,-100.95453643798828,52.600711822509766,0.30325302481651306,0.23387406766414642,1,False
20150731_1800,9,4813,-115.58916473388672,57.425357818603516,0.2268664389848709,0.24510973691940308,1,False
20150731_1800,9,5230,-114.09286499023438,54.406646728515625,0.2892615497112274,0.19235695898532867,1,False
20150731_1800,9,6548,-109.60177612304688,55.92334747314453,0.3591504395008087,0.26194319128990173,1,False
20150801_0300,8,3823,-119.69876098632812,56.93465042114258,0.3000510334968567,0.25995030999183655,1,False
20150801_0300,8,4338,-117.43999481201172,59.57487106323242,0.3807203471660614,0.35304775834083557,1,False
20150801_0300,8,4813,-115.58915710449219,57.42535400390625,0.2552536129951477,0.2556421458721161,1,False
20150801_0300,8,5230,-114.07804107666016,54.45579528808594,0.2252713143825531,0.21462775766849518,1,False
20150801_0300,9,9449,-100.95453643798828,52.600711822509766,0.2548542320728302,0.23011188209056854,1,False
20150801_0600,8,3823,-119.69874572753906,56.93465042114258,0.2907992899417877,0.27450302243232727,1,False
20150801_0600,8,4338,-117.43999481201172,59.57487106323242,0.3809088170528412,0.35869085788726807,1,False
20150801_0600,8,4813,-115.58915710449219,57.42535400390625,0.22760817408561707,0.2532972991466522,1,False
20150801_0600,8,5230,-114.07804107666016,54.45579528808594,0.24966727197170258,0.21116167306900024,1,False
20150801_1800,8,3823,-119.69874572753906,56.93465042114258,0.30508676171302795,0.2684222161769867,1,False
20150801_1800,8,4338,-117.43999481201172,59.57487106323242,0.38586628437042236,0.36060261726379395,1,False
20150801_1800,8,4813,-115.58916473388672,57.425357818603516,0.2832973599433899,0.24208800494670868,1,False
20150801_1800,8,5230,-114.07804107666016,54.4557991027832,0.227557972073555,0.2544187307357788,1,False
20150801_1800,8,9449,-100.95453643798828,52.600711822509766,0.3050996661186218,0.24297745525836945,1,False
20150801_1800,9,9449,-100.95453643798828,52.600711822509766,0.3231067657470703,0.24297745525836945,1,False
20150802_0300,8,4338,-117.43999481201172,59.57487106323242,0.3740242123603821,0.357392817735672,1,False
20150802_0300,8,4813,-115.58917236328125,57.42535400390625,0.25702551007270813,0.2317102998495102,1,False
20150802_0300,8,6548,-109.60177612304688,55.92334747314453,0.3319017291069031,0.2620677053928375,1,False
20150802_0300,8,9449,-100.95944213867188,52.3935546875,0.27069562673568726,0.23935730755329132,1,True
20150802_0300,9,3823,-119.69876098632812,56.93465042114258,0.3924442529678345,0.26912155747413635,1,False
20150802_0300,9,9449,-100.95453643798828,52.600711822509766,0.27176809310913086,0.26008516550064087,1,False
20150802_0600,8,4813,-115.58915710449219,57.42535400390625,0.24030455946922302,0.23217029869556427,1,False
20150802_0600,8,5230,-114.07804107666016,54.45579528808594,0.19434061646461487,0.2192050963640213,1,False
20150802_0600,8,6548,-109.60177612304688,55.92334747314453,0.28703773021698,0.2778116762638092,1,False
20150802_1500,9,9449,-100.95453643798828,52.600711822509766,0.26223164796829224,0.25298628211021423,1,False
20150802_1800,8,3823,-119.57514953613281,56.732688903808594,0.2510265111923218,0.2546713948249817,1,True
20150802_1800,8,4813,-115.58916473388672,57.425357818603516,0.2710176408290863,0.22963130474090576,1,False
20150802_1800,8,5230,-114.07804107666016,54.45579528808594,0.26929813623428345,0.20972098410129547,1,False
20150802_1800,8,6548,-109.60177612304688,55.9233512878418,0.3361849784851074,0.26885494589805603,1,False
20150803_0300,8,6548,-109.6017837524414,55.9233512878418,0.30191099643707275,0.2632880210876465,1,False
20150803_0300,8,9449,-100.95453643798828,52.600711822509766,0.1934278905391693,0.23427166044712067,1,False
20150803_0300,9,3823,-119.69876098632812,56.93465042114258,0.34589141607284546,0.25658097863197327,1,False
20150803_0300,9,4338,-117.43999481201172,59.57487106323242,0.39307793974876404,0.40112435817718506,1,False
20150803_0300,9,4813,-115.58915710449219,57.42535400390625,0.2647770345211029,0.23230986297130585,1,False
20150803_0300,9,5230,-114.07804107666016,54.45579528808594,0.23362663388252258,0.21692101657390594,1,False
20150803_0600,9,3823,-119.69874572753906,56.93465042114258,0.345061331987381,0.2759985029697418,1,False
20150803_0600,9,4338,-117.43999481201172,59.57487106323242,0.3820248544216156,0.39611998200416565,1,False
20150803_1800,8,5230,-114.07804107666016,54.4557991027832,0.35828638076782227,0.21856193244457245,1,False
20150803_1800,8,6548,-109.60177612304688,55.9233512878418,0.3276355266571045,0.2631871998310089,1,False
20150803_1800,8,9449,-100.95453643798828,52.600711822509766,0.30959224700927734,0.21896623075008392,1,False
20150803_1800,9,3823,-119.69874572753906,56.93465042114258,0.3457755446434021,0.2906589210033417,1,False
20150803_1800,9,5230,-114.07804107666016,54.4557991027832,0.3496834635734558,0.21856193244457245,1,False
20150803_1800,9,9449,-100.95453643798828,52.600711822509766,0.253228098154068,0.21896623075008392,1,False
20150804_0300,8,3823,-119.69874572753906,56.93465042114258,0.40306729078292847,0.29593268036842346,1,False
20150804_0300,8,9449,-100.95453643798828,52.600711822509766,0.18764105439186096,0.23352785408496857,1,False
20150804_0300,9,4338,-117.43999481201172,59.57487106323242,0.4163919687271118,0.3955942690372467,1,False
20150804_0300,9,4813,-115.58915710449219,57.42535400390625,0.3196749687194824,0.25614410638809204,1,False
20150804_0300,9,5230,-114.07804107666016,54.45579528808594,0.3396996259689331,0.22727660834789276,1,False
20150804_0300,9,6548,-109.60177612304688,55.92334747314453,0.32430344820022583,0.26424381136894226,1,False
20150804_0600,9,4338,-117.43999481201172,59.57487106323242,0.402481347322464,0.3951888978481293,1,False
20150804_0600,9,4813,-115.58915710449219,57.42535400390625,0.31005316972732544,0.26122769713401794,1,False
20150804_0600,9,5230,-114.07804107666016,54.45579528808594,0.317438542842865,0.23170721530914307,1,False
20150804_1500,8,9449,-100.95453643798828,52.600711822509766,0.20766690373420715,0.22091864049434662,1,False
20150804_1800,8,3823,-119.69874572753906,56.93465042114258,0.42238879203796387,0.3141179382801056,1,False
20150804_1800,9,3823,-119.69874572753906,56.93465042114258,0.41297024488449097,0.3141179382801056,1,False
20150804_1800,9,4338,-117.43998718261719,59.57487869262695,0.4011670649051666,0.3889501392841339,1,False
20150804_1800,9,5230,-114.07804107666016,54.4557991027832,0.3154328167438507,0.2619174122810364,1,False
20150805_0300,8,3823,-119.69876098632812,56.93465042114258,0.29926183819770813,0.3145332932472229,1,False
20150805_0300,8,4338,-117.43999481201172,59.57487106323242,0.3888036608695984,0.39611518383026123,1,False
20150805_0300,8,5230,-114.07804107666016,54.45579528808594,0.2507307529449463,0.23815657198429108,1,False
20150805_0300,8,9449,-100.95453643798828,52.600711822509766,0.21230746805667877,0.20718520879745483,1,False
20150805_0300,9,4338,-117.34257507324219,59.74941635131836,0.46093809604644775,0.3961516320705414,1,False
20150805_0300,9,9449,-100.95453643798828,52.600711822509766,0.2160913199186325,0.20718520879745483,1,False
20150805_0600,8,3823,-119.69874572753906,56.93465042114258,0.27928194403648376,0.3119242191314697,1,False
20150805_0600,9,4338,-117.43999481201172,59.57487106323242,0.4026924669742584,0.3938943147659302,1,False
20150805_0600,9,5230,-114.07804107666016,54.45579528808594,0.2834545969963074,0.24476654827594757,1,False
20150805_1800,8,4338,-117.43999481201172,59.57487106323242,0.3937985301017761,0.38730326294898987,1,False
20150805_1800,9,6548,-109.60177612304688,55.92334747314453,0.3951287865638733,0.30791330337524414,1,False
20150806_0300,8,4338,-117.43999481201172,59.57487106323242,0.36968332529067993,0.37676283717155457,1,False
20150806_0300,8,4813,-115.58915710449219,57.42535400390625,0.4553698003292084,0.32833248376846313,1,False
20150806_0300,8,5230,-114.07804107666016,54.45579528808594,0.33119067549705505,0.2760699689388275,1,False
20150806_0300,8,6548,-109.60177612304688,55.92334747314453,0.4709061086177826,0.31598517298698425,1,False
20150806_0300,9,6548,-109.60177612304688,55.92334747314453,0.45128288865089417,0.31598517298698425,1,False
20150806_0300,9,9449,-100.95453643798828,52.600711822509766,0.3858335614204407,0.291696161031723,1,False
20150806_0600,8,3823,-119.69874572753906,56.93465042114258,0.47702735662460327,0.3311164081096649,1,False
20150806_0600,8,4338,-117.43999481201172,59.57487106323242,0.3451458513736725,0.37557855248451233,1,False
20150806_0600,8,4813,-115.58915710449219,57.42535400390625,0.4553698003292084,0.3404308259487152,1,False
20150806_0600,8,5230,-114.07804107666016,54.45579528808594,0.3514319062232971,0.2818288207054138,1,False
20150806_1800,8,3823,-119.69874572753906,56.93465805053711,0.3658467233181,0.3238860070705414,1,False
20150806_1800,8,4338,-117.43999481201172,59.57487106323242,0.3855326175689697,0.37284526228904724,1,False
20150806_1800,8,4813,-115.58915710449219,57.42535400390625,0.4553698003292084,0.35434675216674805,1,False
20150806_1800,8,5230,-114.10362243652344,54.47590255737305,0.30567678809165955,0.2790977358818054,1,False
20150806_1800,8,6548,-109.60177612304688,55.92334747314453,0.4563208818435669,0.31723442673683167,1,False
20150806_1800,8,9449,-100.95453643798828,52.600711822509766,0.39106762409210205,0.283150851726532,1,False
20150806_1800,9,9449,-100.95453643798828,52.600711822509766,0.39617228507995605,0.283150851726532,1,False
20150807_0300,8,4338,-117.43999481201172,59.57487106323242,0.40010038018226624,0.3661876618862152,1,False
20150807_0300,8,4813,-115.58917236328125,57.42535400390625,0.44226503372192383,0.3522323668003082,1,False
20150807_0300,8,6548,-109.60177612304688,55.92334747314453,0.4065091907978058,0.3131174147129059,1,False
20150807_0300,8,9449,-100.95453643798828,52.600711822509766,0.42072272300720215,0.2995337247848511,1,False
20150807_0300,9,3823,-119.69874572753906,56.93465042114258,0.34471720457077026,0.314301997423172,1,False
20150807_0300,9,9449,-100.95453643798828,52.600711822509766,0.3767354190349579,0.2995337247848511,1,False
20150807_0600,8,4338,-117.43999481201172,59.57487106323242,0.35339903831481934,0.3725683391094208,1,False
20150807_0600,8,4813,-115.58915710449219,57.42535400390625,0.4553698003292084,0.35383155941963196,1,False
20150807_0600,8,5230,-114.07804107666016,54.45579528808594,0.3022422790527344,0.2514536678791046,1,False
20150807_0600,8,6548,-109.60177612304688,55.92334747314453,0.3870542049407959,0.3135829269886017,1,False
20150807_1800,8,4813,-115.58916473388672,57.425357818603516,0.398470938205719,0.3560424745082855,1,False
20150807_1800,8,5230,-114.07804107666016,54.45579528808594,0.3113906979560852,0.25564083456993103,1,False
20150807_1800,8,6548,-109.60177612304688,55.9233512878418,0.3548785448074341,0.3108215034008026,1,False
20150807_1800,9,4338,-117.43998718261719,59.57487106323242,0.43528658151626587,0.36861762404441833,1,False
20150807_2100,9,3823,-119.69874572753906,56.93465805053711,0.3875664174556732,0.31361642479896545,1,False
20150808_0300,8,6548,-109.60177612304688,55.92334747314453,0.2909909188747406,0.3071330785751343,1,False
20150808_0300,9,3823,-119.69876098632812,56.93465042114258,0.3737063407897949,0.3143759071826935,1,False
20150808_0300,9,4338,-117.43999481201172,59.57487106323242,0.3857201039791107,0.37860727310180664,1,False
20150808_0300,9,4813,-115.58917236328125,57.42535400390625,0.40587443113327026,0.3482857048511505,1,False
20150808_0300,9,5230,-114.07804107666016,54.45579528808594,0.25257599353790283,0.24893838167190552,1,False
20150808_0600,9,3823,-119.69874572753906,56.93465042114258,0.3385973870754242,0.31531572341918945,1,False
20150808_0600,9,4338,-117.43999481201172,59.57487106323242,0.386189728975296,0.37952864170074463,1,False
20150808_0600,9,4813,-115.58915710449219,57.42535400390625,0.28428080677986145,0.3493309020996094,1,False
20150808_1800,8,5230,-114.07804107666016,54.4557991027832,0.3599880635738373,0.24249416589736938,1,False
20150808_1800,8,6548,-109.60177612304688,55.92334747314453,0.3306278884410858,0.2996984124183655,1,False
20150808_1800,8,9449,-100.95453643798828,52.600711822509766,0.35852116346359253,0.29956504702568054,1,False
20150808_1800,9,3823,-119.69874572753906,56.93465042114258,0.38815823197364807,0.3068443834781647,1,False
20150808_1800,9,4338,-117.43999481201172,59.57487106323242,0.43005871772766113,0.37594106793403625,1,False
20150808_1800,9,4813,-115.58916473388672,57.42535400390625,0.3788937032222748,0.3388311564922333,1,False
20150808_1800,9,5230,-114.07804107666016,54.4557991027832,0.3118036389350891,0.24249416589736938,1,False
20150808_1800,9,9449,-100.95453643798828,52.600711822509766,0.3787879943847656,0.29956504702568054,1,False
20150809_0300,8,3823,-119.69876098632812,56.93465042114258,0.3500419855117798,0.30808714032173157,1,False
20150809_0300,8,9449,-100.95453643798828,52.600711822509766,0.27043598890304565,0.29710838198661804,1,False
20150809_0300,9,4338,-117.43999481201172,59.57487106323242,0.3991695046424866,0.3750748932361603,1,False
20150809_0300,9,4813,-115.58917236328125,57.42535400390625,0.3472289741039276,0.33531391620635986,1,False
20150809_0300,9,5230,-114.07804107666016,54.45579528808594,0.28744247555732727,0.2544316351413727,1,False
20150809_0300,9,6548,-109.60177612304688,55.92334747314453,0.3485942780971527,0.29908043146133423,1,False
20150809_0600,9,3823,-119.69874572753906,56.93465042114258,0.3283155858516693,0.3095568120479584,1,False
20150809_0600,9,4338,-117.43999481201172,59.57487106323242,0.3731648027896881,0.3758852481842041,1,False
20150809_0600,9,4813,-115.58915710449219,57.42535400390625,0.3398079574108124,0.3330741822719574,1,False
20150809_0600,9,5230,-114.07804107666016,54.45579528808594,0.31179913878440857,0.25920575857162476,1,False
20150809_1500,8,9449,-100.95453643798828,52.600711822509766,0.3002413511276245,0.28856512904167175,1,False
20150809_1800,8,3823,-119.69874572753906,56.93465042114258,0.34857261180877686,0.302813857793808,1,False
20150809_1800,8,4338,-117.43998718261719,59.57487106323242,0.38103216886520386,0.37049922347068787,1,False
20150809_1800,8,9449,-100.95453643798828,52.600711822509766,0.28419029712677,0.29141759872436523,1,False
20150809_1800,9,3823,-119.69874572753906,56.93465042114258,0.4167722165584564,0.302813857793808,1,False
20150809_1800,9,4338,-117.43998718261719,59.57487106323242,0.4032619893550873,0.37049922347068787,1,False
20150809_1800,9,4813,-115.58916473388672,57.425357818603516,0.36038970947265625,0.3260705769062042,1,False
20150809_1800,9,5230,-114.07804107666016,54.4557991027832,0.3492085933685303,0.25391194224357605,1,False
20150809_2100,8,4338,-117.60650634765625,59.707740783691406,0.3249378204345703,0.3795910179615021,1,False
20150810_0300,8,3823,-119.69876098632812,56.93465042114258,0.35966935753822327,0.309924453496933,1,False
20150810_0300,8,4338,-117.43999481201172,59.57487106323242,0.3773101568222046,0.3591916263103485,1,False
20150810_0300,8,4813,-115.58915710449219,57.42535400390625,0.4553698003292084,0.33437785506248474,1,False
20150810_0300,8,5230,-114.07804107666016,54.45579528808594,0.3718531131744385,0.2417151778936386,1,False
20150810_0300,9,6548,-109.60177612304688,55.92334747314453,0.35183507204055786,0.2701365351676941,1,False
20150810_0300,9,9449,-100.95453643798828,52.600711822509766,0.3089374899864197,0.27923980355262756,1,False
20150810_0600,8,3823,-119.69874572753906,56.93465042114258,0.3086380958557129,0.31088849902153015,1,False
20150810_0600,8,4338,-117.54419708251953,59.53207778930664,0.37938347458839417,0.36636677384376526,1,False
20150810_0600,9,5230,-114.07804107666016,54.45579528808594,0.41763001680374146,0.2656141221523285,1,False
20150810_0600,9,6548,-109.60177612304688,55.92334747314453,0.32993391156196594,0.29421231150627136,1,False
20150810_1800,8,3823,-119.69874572753906,56.93465042114258,0.37204959988594055,0.29824331402778625,1,False
20150810_1800,8,4338,-117.43999481201172,59.57487106323242,0.4251372218132019,0.3677841126918793,1,False
20150810_1800,8,4813,-115.58916473388672,57.42535400390625,0.34581780433654785,0.3466557264328003,1,False
20150810_1800,8,5230,-114.14921569824219,54.45953369140625,0.4182329773902893,0.2765125334262848,1,False
20150810_1800,8,9449,-100.95453643798828,52.600711822509766,0.29094910621643066,0.2720254957675934,1,False
20150810_1800,9,4813,-115.49981689453125,57.37297821044922,0.4704362154006958,0.3863595426082611,1,False
20150810_1800,9,5230,-114.07804107666016,54.4557991027832,0.4105789363384247,0.265809029340744,1,False
20150810_1800,9,6548,-109.60177612304688,55.92334747314453,0.3691996932029724,0.29103782773017883,1,False
20150811_0300,8,3823,-119.68120574951172,56.964683532714844,0.3216000199317932,0.28369835019111633,1,False
20150811_0300,8,4338,-117.43999481201172,59.57487106323242,0.402133047580719,0.36274683475494385,1,False
20150811_0300,8,4813,-115.58917236328125,57.42535400390625,0.3066575527191162,0.32102659344673157,1,False
20150811_0300,8,5230,-114.07804107666016,54.45579528808594,0.2690829336643219,0.25242879986763,1,False
20150811_0300,8,6548,-109.60177612304688,55.92334747314453,0.3032088875770569,0.2862228453159332,1,False
20150811_0300,9,6548,-109.60177612304688,55.92334747314453,0.2665891647338867,0.2862228453159332,1,False
20150811_0300,9,9449,-100.95453643798828,52.600711822509766,0.29968467354774475,0.265163391828537,1,False
20150811_0600,8,3823,-119.69874572753906,56.93465042114258,0.3077653646469116,0.28963956236839294,1,False
20150811_0600,8,4338,-117.43999481201172,59.57487106323242,0.40809884667396545,0.36858657002449036,1,False
20150811_0600,8,4813,-115.58915710449219,57.42535400390625,0.30758681893348694,0.31481608748435974,1,False
20150811_0600,8,5230,-114.07804107666016,54.45579528808594,0.3240234851837158,0.24980318546295166,1,False
20150811_1500,9,9449,-100.95453643798828,52.600711822509766,0.3318876028060913,0.27377933263778687,1,False
20150811_1800,8,3823,-119.69874572753906,56.93465042114258,0.3152347505092621,0.2854367196559906,1,False
20150811_1800,8,4338,-117.43999481201172,59.57487106323242,0.3963277339935303,0.36657631397247314,1,False
20150811_1800,8,4813,-115.58916473388672,57.42535400390625,0.3224850296974182,0.3097623884677887,1,False
20150811_1800,8,5230,-114.07804107666016,54.45579528808594,0.3167767822742462,0.25135520100593567,1,False
20150811_1800,8,6548,-109.60177612304688,55.92334747314453,0.31849631667137146,0.27445945143699646,1,False
20150812_0300,8,4338,-117.43999481201172,59.57487106323242,0.3837910592556,0.3530506193637848,1,False
20150812_0300,8,4813,-115.41458129882812,57.51648712158203,0.286233127117157,0.36906886100769043,1,False
20150812_0300,8,6548,-109.60177612304688,55.92334747314453,0.32833075523376465,0.2662146985530853,1,False
20150812_0300,8,9449,-100.95453643798828,52.600711822509766,0.2869604229927063,0.25860753655433655,1,False
20150812_0300,9,3823,-119.69874572753906,56.93465042114258,0.3286837637424469,0.2737502157688141,1,False
20150812_0300,9,4338,-117.50341796875,59.5152587890625,0.425904780626297,0.3552824556827545,1,False
20150812_0300,9,5230,-114.07804107666016,54.45579528808594,0.28799018263816833,0.23568087816238403,1,False
20150812_0300,9,9449,-100.95453643798828,52.600711822509766,0.31630992889404297,0.25860753655433655,1,False
20150812_0600,8,4338,-117.43999481201172,59.57487106323242,0.3057909607887268,0.37325525283813477,1,False
20150812_0600,8,4813,-115.58915710449219,57.42535400390625,0.23896072804927826,0.29620495438575745,1,False
20150812_0600,8,5230,-114.07804107666016,54.45579528808594,0.29929864406585693,0.24851323664188385,1,False
20150812_0600,8,6548,-109.60177612304688,55.92334747314453,0.3219669461250305,0.28005722165107727,1,False
20150812_0600,9,3823,-119.8102035522461,56.892093658447266,0.3498580753803253,0.310428649187088,1,False
20150812_1500,9,9449,-100.95453643798828,52.600711822509766,0.31899240612983704,0.26724985241889954,1,False
20150812_1800,8,4813,-115.58916473388672,57.425357818603516,0.28889378905296326,0.2893483340740204,1,False
20150812_1800,8,5230,-114.07804107666016,54.4557991027832,0.3195222020149231,0.24370791018009186,1,False
20150812_1800,8,6548,-109.60177612304688,55.9233512878418,0.33266758918762207,0.2775287330150604,1,False
20150812_1800,9,3823,-119.69874572753906,56.93465805053711,0.36188867688179016,0.2860918343067169,1,False
20150812_1800,9,4338,-117.43998718261719,59.57487106323242,0.4233855605125427,0.361934632062912,1,False
20150813_0300,8,6548,-109.60177612304688,55.92334747314453,0.26361843943595886,0.2721503674983978,1,False
20150813_0300,8,9449,-100.95453643798828,52.600711822509766,0.27378472685813904,0.25880470871925354,1,False
20150813_0300,9,3823,-119.69874572753906,56.93465042114258,0.35476359724998474,0.28412479162216187,1,False
20150813_0300,9,4338,-117.43999481201172,59.57487106323242,0.37235334515571594,0.3610157072544098,1,False
20150813_0300,9,4813,-115.58915710449219,57.42535400390625,0.2809584438800812,0.2831747829914093,1,False
20150813_0300,9,5230,-114.07804107666016,54.45579528808594,0.26500046253204346,0.23052115738391876,1,False
20150813_0300,9,6548,-109.62364196777344,55.90507507324219,0.3248346149921417,0.277809202671051,1,False
20150813_0600,9,3823,-119.69874572753906,56.93465042114258,0.30785059928894043,0.2950842082500458,1,False
20150813_0600,9,4338,-117.43999481201172,59.57487106323242,0.37608596682548523,0.3625650107860565,1,False
20150813_0600,9,4813,-115.58915710449219,57.42535400390625,0.26757293939590454,0.2848094403743744,1,False
20150813_0600,9,5230,-114.14922332763672,54.45953369140625,0.3011097311973572,0.2444453239440918,1,False
20150813_1800,8,5230,-114.07804107666016,54.4557991027832,0.3014940321445465,0.24154919385910034,1,False
20150813_1800,8,6548,-109.60177612304688,55.92334747314453,0.3034617304801941,0.27394387125968933,1,False
20150813_1800,8,9449,-100.95453643798828,52.600711822509766,0.24883589148521423,0.2548835277557373,1,False
20150813_1800,9,3823,-119.69874572753906,56.93465042114258,0.3381747901439667,0.28890517354011536,1,False
20150813_1800,9,4338,-117.43998718261719,59.57487106323242,0.38288789987564087,0.3695814311504364,1,False
20150813_1800,9,4813,-115.58916473388672,57.425357818603516,0.33852431178092957,0.28536728024482727,1,False
20150814_0300,8,3823,-119.69876098632812,56.93465042114258,0.38661524653434753,0.2850779592990875,1,False
20150814_0300,8,9449,-100.95453643798828,52.600711822509766,0.2622017562389374,0.2438613623380661,1,False
20150814_0300,9,4338,-117.43999481201172,59.57487106323242,0.43890780210494995,0.38325369358062744,1,False
20150814_0300,9,4813,-115.58917236328125,57.42535400390625,0.3233899772167206,0.2863631546497345,1,False
20150814_0300,9,5230,-114.07804107666016,54.45579528808594,0.2336031049489975,0.22529681026935577,1,False
20150814_0300,9,6548,-109.60177612304688,55.92334747314453,0.33866554498672485,0.2712523341178894,1,False
20150814_0600,9,3823,-119.69874572753906,56.93465042114258,0.37796667218208313,0.3035932183265686,1,False
20150814_0600,9,4338,-117.43999481201172,59.57487106323242,0.5138806700706482,0.38593530654907227,1,False
20150814_0600,9,4813,-115.58915710449219,57.42535400390625,0.35763880610466003,0.29333189129829407,1,False
20150814_0600,9,5230,-114.07804107666016,54.45579528808594,0.38167518377304077,0.22129662334918976,1,False
20150814_0600,9,6548,-109.60177612304688,55.92334747314453,0.31305253505706787,0.2861599028110504,1,False
20150814_1500,8,9449,-100.95453643798828,52.600711822509766,0.2879951298236847,0.25102272629737854,1,False
20150814_1800,8,3823,-119.69874572753906,56.93465042114258,0.2523021697998047,0.29785558581352234,1,False
20150814_1800,8,9449,-100.95453643798828,52.600711822509766,0.3042401671409607,0.2638058364391327,1,False
20150814_1800,9,3823,-119.69874572753906,56.93465042114258,0.34483543038368225,0.29785558581352234,1,False
20150814_1800,9,4813,-115.58916473388672,57.425357818603516,0.27587664127349854,0.30201783776283264,1,False
20150814_1800,9,5230,-114.07804107666016,54.4557991027832,0.34978753328323364,0.24991947412490845,1,False
20150814_1800,9,6548,-109.60177612304688,55.92334747314453,0.33887559175491333,0.27323517203330994,1,False
20150814_2100,8,4338,-117.43998718261719,59.57487106323242,0.4571678638458252,0.3933738172054291,1,False
20150815_0300,8,3823,-119.69876098632812,56.93465042114258,0.2088039219379425,0.2830684781074524,1,False
20150815_0300,8,4338,-117.43999481201172,59.57487106323242,0.36573168635368347,0.38748130202293396,1,False
20150815_0300,8,4813,-115.58915710449219,57.42535400390625,0.23105156421661377,0.29115864634513855,1,False
20150815_0300,8,5230,-114.07804107666016,54.45579528808594,0.21276885271072388,0.2400435209274292,1,False
20150815_0300,9,6548,-109.60177612304688,55.92334747314453,0.3064226508140564,0.26910892128944397,1,False
20150815_0300,9,9449,-100.95453643798828,52.600711822509766,0.26736557483673096,0.26055338978767395,1,False
20150815_0600,8,3823,-119.69874572753906,56.93465042114258,0.19682621955871582,0.27567923069000244,1,False
20150815_0600,8,4338,-117.43999481201172,59.57487106323242,0.3490939140319824,0.3843320608139038,1,False
20150815_0600,9,6548,-109.60177612304688,55.92334747314453,0.26414239406585693,0.2739996314048767,1,False
20150815_1800,8,3823,-119.69874572753906,56.93465042114258,0.2472231537103653,0.2662616968154907,1,False
20150815_1800,8,4338,-117.43999481201172,59.57487106323242,0.3733789920806885,0.3765449523925781,1,False
20150815_1800,8,4813,-115.58916473388672,57.42535400390625,0.2474755048751831,0.2794352173805237,1,False
20150815_1800,8,5230,-114.07804107666016,54.4557991027832,0.1958000361919403,0.26604434847831726,1,False
20150816_0300,8,4338,-117.43999481201172,59.57487106323242,0.32425764203071594,0.367561012506485,1,False
20150816_0300,8,4813,-115.58917236328125,57.42535400390625,0.21697930991649628,0.27268216013908386,1,False
20150816_0300,8,5230,-114.07804107666016,54.45579528808594,0.1823839545249939,0.22862213850021362,1,False
20150816_0300,8,6548,-109.60177612304688,55.92334747314453,0.3710632026195526,0.2726200520992279,1,False
20150816_0300,9,3823,-119.76318359375,56.86021041870117,0.26624369621276855,0.2718275487422943,1,False
20150816_0300,9,9449,-100.95453643798828,52.600711822509766,0.3820399045944214,0.3111029863357544,1,False
20150816_0600,8,3823,-119.67823028564453,56.91130065917969,0.19682621955871582,0.25486519932746887,1,False
20150816_0600,8,4338,-117.43999481201172,59.57487106323242,0.30954915285110474,0.35972830653190613,1,False
20150816_0600,8,4813,-115.58915710449219,57.42535400390625,0.2083929181098938,0.2612580955028534,1,False
20150816_0600,8,5230,-114.07804107666016,54.45579528808594,0.2666243016719818,0.21492312848567963,1,False
20150816_1500,9,9449,-100.95453643798828,52.600711822509766,0.2897249758243561,0.31134143471717834,1,False
20150816_1800,8,3823,-119.69874572753906,56.93465042114258,0.2722034454345703,0.2492172122001648,1,False
20150816_1800,8,4338,-117.4200210571289,59.574668884277344,0.38966962695121765,0.3549950420856476,1,False
20150816_1800,8,4813,-115.58916473388672,57.425357818603516,0.2802644968032837,0.2621705234050751,1,False
20150816_1800,8,5230,-114.07804107666016,54.45579528808594,0.27125847339630127,0.2268410474061966,1,False
20150816_1800,8,6548,-109.60177612304688,55.92334747314453,0.3113584518432617,0.28204381465911865,1,False
20150817_0300,8,4338,-117.34257507324219,59.74941635131836,0.36985188722610474,0.3493102490901947,1,False
20150817_0300,8,6548,-109.60177612304688,55.92334747314453,0.28198695182800293,0.2735254764556885,1,False
20150817_0300,8,9449,-100.95453643798828,52.600711822509766,0.21921278536319733,0.2856810390949249,1,False
20150817_0300,9,3823,-119.69876098632812,56.93465042114258,0.23066583275794983,0.24981284141540527,1,False
20150817_0300,9,4338,-117.43999481201172,59.57487106323242,0.366254985332489,0.3504732847213745,1,False
20150817_0300,9,4813,-115.58915710449219,57.42535400390625,0.1816493272781372,0.2662270963191986,1,False
20150817_0300,9,5230,-114.07804107666016,54.45579528808594,0.19246448576450348,0.22666512429714203,1,False
20150817_0300,9,9449,-100.95453643798828,52.600711822509766,0.23814678192138672,0.2856810390949249,1,False
20150817_0600,8,4338,-117.43999481201172,59.57487106323242,0.3320828676223755,0.35421642661094666,1,False
20150817_0600,8,4813,-115.58915710449219,57.42535400390625,0.16819968819618225,0.24336867034435272,1,False
20150817_0600,8,5230,-114.07804107666016,54.45579528808594,0.20273175835609436,0.21080507338047028,1,False
20150817_0600,8,6548,-109.60177612304688,55.92334747314453,0.269758015871048,0.2727331221103668,1,False
20150817_0600,9,3823,-119.69874572753906,56.93465042114258,0.21058204770088196,0.2425462007522583,1,False
20150817_1800,8,4813,-115.58916473388672,57.425357818603516,0.2570421099662781,0.2320694923400879,1,False
20150817_1800,8,5230,-114.07804107666016,54.4557991027832,0.32502272725105286,0.20759214460849762,1,False
20150817_1800,8,6548,-109.60177612304688,55.9233512878418,0.30928298830986023,0.2665734589099884,1,False
20150817_1800,9,4338,-117.43999481201172,59.57487106323242,0.4005230665206909,0.3561980724334717,1,False
20150817_1800,9,4813,-115.58916473388672,57.425357818603516,0.2742065191268921,0.2320694923400879,1,False
20150817_1800,9,9449,-100.95453643798828,52.600711822509766,0.26734843850135803,0.26712554693222046,1,False
20150818_0300,8,6548,-109.60177612304688,55.92334747314453,0.23464927077293396,0.26684680581092834,1,False
20150818_0300,8,9449,-100.95453643798828,52.600711822509766,0.1958814263343811,0.2592722773551941,1,False
20150818_0300,9,3823,-119.69874572753906,56.93465042114258,0.2753583490848541,0.2864767014980316,1,False
20150818_0300,9,4338,-117.43999481201172,59.57487106323242,0.427782267332077,0.36326658725738525,1,False
20150818_0300,9,4813,-115.58917236328125,57.42535400390625,0.2512449324131012,0.2470560073852539,1,False
20150818_0300,9,6548,-109.60177612304688,55.92334747314453,0.2692163586616516,0.26684680581092834,1,False
20150818_0600,9,3823,-119.69874572753906,56.93465042114258,0.23946699500083923,0.28235915303230286,1,False
20150818_0600,9,4338,-117.43999481201172,59.57487106323242,0.4490181803703308,0.37645700573921204,1,False
20150818_0600,9,4813,-115.58915710449219,57.42535400390625,0.23755551874637604,0.2506237030029297,1,False
20150818_0600,9,5230,-114.07804107666016,54.45579528808594,0.36876726150512695,0.2626301348209381,1,False
20150818_1500,8,9449,-100.95453643798828,52.600711822509766,0.2472498118877411,0.24422450363636017,1,False
20150818_1800,8,6548,-109.60177612304688,55.92334747314453,0.2818542718887329,0.2609504461288452,1,False
20150818_1800,9,3823,-119.69874572753906,56.93465042114258,0.30643942952156067,0.26930633187294006,1,False
20150818_1800,9,4338,-117.43999481201172,59.57487106323242,0.4184795618057251,0.3750080168247223,1,False
20150818_1800,9,4813,-115.58916473388672,57.42535400390625,0.30291470885276794,0.2574664056301117,1,False
20150818_1800,9,5230,-114.07804107666016,54.4557991027832,0.3011656403541565,0.25872543454170227,1,False
20150818_1800,9,9449,-100.95453643798828,52.600711822509766,0.2679992616176605,0.2459619641304016,1,False
20150819_0300,8,3823,-119.69876098632812,56.93465042114258,0.27747195959091187,0.268876314163208,1,False
20150819_0300,8,9449,-100.95453643798828,52.600711822509766,0.21434080600738525,0.2514466345310211,1,False
20150819_0300,9,4338,-117.43999481201172,59.57487106323242,0.3931647539138794,0.37120378017425537,1,False
20150819_0300,9,4813,-115.58917236328125,57.42535400390625,0.28414151072502136,0.2679729759693146,1,False
20150819_0300,9,6548,-109.60177612304688,55.92334747314453,0.2970917820930481,0.2572106420993805,1,False
20150819_0300,9,9449,-100.95944213867188,52.3935546875,0.2509737014770508,0.2430984228849411,1,True
20150819_0600,9,4338,-117.43999481201172,59.57487106323242,0.40989285707473755,0.3718276917934418,1,False
20150819_0600,9,4813,-115.58915710449219,57.42535400390625,0.2903047800064087,0.27138856053352356,1,False
20150819_0600,9,5230,-114.07804107666016,54.45579528808594,0.33526885509490967,0.2165268212556839,1,False
20150819_0600,9,6548,-109.60177612304688,55.92334747314453,0.28307995200157166,0.26761800050735474,1,False
20150819_1500,8,9449,-100.95453643798828,52.600711822509766,0.26377663016319275,0.24636001884937286,1,False
20150819_1800,8,3823,-119.69874572753906,56.93465042114258,0.27238428592681885,0.2661823332309723,1,False
20150819_1800,8,9449,-100.95453643798828,52.600711822509766,0.2677582800388336,0.2565479576587677,1,False
20150819_1800,9,4813,-115.58916473388672,57.425357818603516,0.30343735218048096,0.2743215560913086,1,False
20150819_1800,9,5230,-114.07804107666016,54.45579528808594,0.30852818489074707,0.23970167338848114,1,False
20150820_0300,8,3823,-119.69876098632812,56.93465042114258,0.2606954872608185,0.2654256224632263,1,False
20150820_0300,8,4338,-117.43999481201172,59.57487106323242,0.37232381105422974,0.3889298439025879,1,False
20150820_0300,8,4813,-115.58915710449219,57.42535400390625,0.24639728665351868,0.2739104628562927,1,False
20150820_0300,8,5230,-114.07804107666016,54.45579528808594,0.20569837093353271,0.23110522329807281,1,False
20150820_0300,9,6548,-109.60177612304688,55.92334747314453,0.33232295513153076,0.27908918261528015,1,False
20150820_0300,9,9449,-100.95453643798828,52.600711822509766,0.2223040759563446,0.25055739283561707,1,False
20150820_0600,8,3823,-119.69874572753906,56.93465042114258,0.27106183767318726,0.2630017101764679,1,False
20150820_0600,8,4338,-117.43999481201172,59.57487106323242,0.3814972937107086,0.38299620151519775,1,False
20150820_0600,8,4813,-115.61409759521484,57.41233444213867,0.22714869678020477,0.2614043653011322,1,False
20150820_0600,9,6548,-109.60177612304688,55.92334747314453,0.3240179121494293,0.28666749596595764,1,False
20150820_1800,8,3823,-119.69874572753906,56.93465042114258,0.24234193563461304,0.26566722989082336,1,False
20150820_1800,8,4338,-117.43999481201172,59.57487106323242,0.36021703481674194,0.39183661341667175,1,False
20150820_1800,8,4813,-115.58916473388672,57.42535400390625,0.26100555062294006,0.2630290687084198,1,False
20150820_1800,8,5230,-114.07804107666016,54.4557991027832,0.20398090779781342,0.21514828503131866,1,False
20150820_1800,8,9449,-100.95453643798828,52.600711822509766,0.21751941740512848,0.24054865539073944,1,False
20150820_1800,9,5230,-114.07804107666016,54.4557991027832,0.2978876829147339,0.21514828503131866,1,False
20150820_1800,9,6548,-109.6017837524414,55.9233512878418,0.28364652395248413,0.2796487510204315,1,False
20150820_1800,9,9449,-100.95453643798828,52.600711822509766,0.2797450125217438,0.24054865539073944,1,False
20150821_0300,8,4338,-117.43999481201172,59.57487106323242,0.34092575311660767,0.38433364033699036,1,False
20150821_0300,8,4813,-115.58917236328125,57.42535400390625,0.21771809458732605,0.2652520537376404,1,False
20150821_0300,8,5230,-114.07804107666016,54.45579528808594,0.18201613426208496,0.21266146004199982,1,False
20150821_0300,8,6548,-109.60177612304688,55.92334747314453,0.2731177806854248,0.2722819745540619,1,False
20150821_0300,9,3823,-119.69874572753906,56.93465042114258,0.20751743018627167,0.2570379078388214,1,False
20150821_0300,9,9449,-100.95453643798828,52.600711822509766,0.237858384847641,0.28097912669181824,1,False
20150821_0600,8,3823,-119.69874572753906,56.93465042114258,0.20174066722393036,0.24111603200435638,1,False
20150821_0600,8,4338,-117.43999481201172,59.57487106323242,0.3560522794723511,0.3775968551635742,1,False
20150821_0600,8,4813,-115.58915710449219,57.42535400390625,0.25958773493766785,0.2548280358314514,1,False
20150821_1500,9,9449,-100.95453643798828,52.600711822509766,0.2661187946796417,0.2651010751724243,1,False
20150821_1800,8,3823,-119.69874572753906,56.93465042114258,0.20174066722393036,0.23813891410827637,1,False
20150821_1800,8,4338,-117.43998718261719,59.57487106323242,0.342727929353714,0.3738879859447479,1,False
20150821_1800,8,4813,-115.58916473388672,57.42535400390625,0.21414043009281158,0.2659999430179596,1,False
20150821_1800,8,5230,-114.07804107666016,54.45579528808594,0.22369709610939026,0.23073537647724152,1,False
20150821_1800,8,6548,-109.60177612304688,55.92334747314453,0.24652636051177979,0.26542702317237854,1,False
20150821_1800,9,3823,-119.69874572753906,56.93465042114258,0.20174066722393036,0.23813891410827637,1,False
20150821_1800,9,6548,-109.55728149414062,55.869049072265625,0.3036888837814331,0.24279052019119263,1,True
20150822_0300,8,6548,-109.60177612304688,55.92334747314453,0.25227978825569153,0.2696071267127991,1,False
20150822_0300,8,9449,-100.95453643798828,52.600711822509766,0.3316902816295624,0.28789281845092773,1,False
20150822_0300,9,3823,-119.69876098632812,56.93465042114258,0.20174066722393036,0.2198522835969925,1,False
20150822_0300,9,4338,-117.43999481201172,59.57487106323242,0.3530256152153015,0.36910632252693176,1,False
20150822_0300,9,4813,-115.58917236328125,57.42535400390625,0.23440971970558167,0.25719964504241943,1,False
20150822_0300,9,5230,-114.07804107666016,54.45579528808594,0.18936622142791748,0.2136542946100235,1,False
20150822_0300,9,9449,-100.95453643798828,52.600711822509766,0.3845389485359192,0.28789281845092773,1,False
20150822_0600,8,4813,-115.58915710449219,57.42535400390625,0.24178826808929443,0.24867792427539825,1,False
20150822_0600,8,5230,-114.07804107666016,54.45579528808594,0.21670719981193542,0.20266269147396088,1,False
20150822_0600,8,6548,-109.60177612304688,55.92334747314453,0.2537311613559723,0.2637680470943451,1,False
20150822_0600,9,3823,-119.70269775390625,56.92055130004883,0.20174066722393036,0.21916712820529938,1,False
20150822_1800,8,4813,-115.54900360107422,57.38035202026367,0.2641609013080597,0.253294974565506,1,False
20150822_1800,8,5230,-114.07804107666016,54.4557991027832,0.26095008850097656,0.20793546736240387,1,False
20150822_1800,8,6548,-109.6017837524414,55.9233512878418,0.2557889223098755,0.2628462612628937,1,False
20150822_1800,9,3823,-119.69874572753906,56.93465042114258,0.31333407759666443,0.22565311193466187,1,False
20150822_1800,9,4338,-117.43999481201172,59.57487106323242,0.38692978024482727,0.37047383189201355,1,False
20150822_1800,9,4813,-115.60601043701172,57.4495849609375,0.2562720775604248,0.24990268051624298,1,False
20150822_1800,9,9449,-100.95453643798828,52.600711822509766,0.366813987493515,0.32748934626579285,1,False
20150823_0300,8,6548,-109.60177612304688,55.92334747314453,0.23784545063972473,0.2576911747455597,1,False
20150823_0300,8,9449,-100.95453643798828,52.600711822509766,0.31771692633628845,0.3045840561389923,1,False
20150823_0300,9,3823,-119.69876098632812,56.93465042114258,0.29792138934135437,0.2513149082660675,1,False
20150823_0300,9,4338,-117.43999481201172,59.57487106323242,0.3263733983039856,0.3647504150867462,1,False
20150823_0300,9,4813,-115.58917236328125,57.42535400390625,0.20053455233573914,0.25222304463386536,1,False
20150823_0300,9,5230,-114.07804107666016,54.45579528808594,0.18124695122241974,0.2153601050376892,1,False
20150823_0300,9,6548,-109.60177612304688,55.92334747314453,0.23796892166137695,0.2576911747455597,1,False
20150823_0600,9,3823,-119.69874572753906,56.93465042114258,0.255090594291687,0.25923171639442444,1,False
20150823_0600,9,4338,-117.43999481201172,59.57487106323242,0.3288397192955017,0.35262277722358704,1,False
20150823_0600,9,4813,-115.58915710449219,57.42535400390625,0.21523377299308777,0.23869217932224274,1,False
20150823_0600,9,5230,-114.07804107666016,54.45579528808594,0.2338126003742218,0.2025129199028015,1,False
20150823_1500,8,9449,-100.95453643798828,52.600711822509766,0.2574361264705658,0.2913939356803894,1,False
20150823_1800,8,6548,-109.60177612304688,55.92334747314453,0.27382564544677734,0.24987874925136566,1,False
20150823_1800,9,3823,-119.69874572753906,56.93465042114258,0.2889968454837799,0.2605607211589813,1,False
20150823_1800,9,4338,-117.43999481201172,59.57487106323242,0.38862818479537964,0.3823937177658081,1,False
20150823_1800,9,4813,-115.58916473388672,57.42535400390625,0.31624338030815125,0.24275927245616913,1,False
20150823_1800,9,5230,-114.10362243652344,54.47590255737305,0.2599306106567383,0.21013838052749634,1,False
20150823_1800,9,6548,-109.60177612304688,55.92334747314453,0.2741137146949768,0.24987874925136566,1,False
20150823_1800,9,9449,-100.95453643798828,52.600711822509766,0.36744970083236694,0.2814246416091919,1,False
20150824_0300,8,3823,-119.69876098632812,56.93465042114258,0.21693041920661926,0.2568519413471222,1,False
20150824_0300,8,4338,-117.50341796875,59.5152587890625,0.47998344898223877,0.3756672143936157,1,False
20150824_0300,8,4813,-115.66661071777344,57.26121520996094,0.2908940017223358,0.2478095293045044,1,True
20150824_0300,8,5230,-114.07804107666016,54.45579528808594,0.2138500213623047,0.20358119904994965,1,False
20150824_0300,8,9449,-100.95453643798828,52.600711822509766,0.2856071889400482,0.2828533947467804,1,False
20150824_0300,9,4338,-117.43999481201172,59.57487106323242,0.5039048790931702,0.3748803436756134,1,False
20150824_0300,9,4813,-115.58917236328125,57.42535400390625,0.298380583524704,0.25212129950523376,1,False
20150824_0300,9,6548,-109.60177612304688,55.92334747314453,0.28876763582229614,0.2556407153606415,1,False
20150824_0300,9,9449,-100.95453643798828,52.600711822509766,0.355934202671051,0.2828533947467804,1,False
20150824_0600,8,3823,-119.8102035522461,56.892093658447266,0.2609940767288208,0.26493990421295166,1,False
20150824_0600,9,4338,-117.46660614013672,59.57514953613281,0.5319104790687561,0.3944821357727051,1,False
20150824_0600,9,4813,-115.58915710449219,57.42535400390625,0.26182109117507935,0.2634927034378052,1,False
20150824_0600,9,5230,-114.07804107666016,54.45579528808594,0.2651948034763336,0.20376338064670563,1,False
20150824_0600,9,6548,-109.60177612304688,55.92334747314453,0.3030034601688385,0.2634352147579193,1,False
20150824_1500,8,9449,-100.95453643798828,52.600711822509766,0.24578003585338593,0.2933366596698761,1,False
20150824_1800,8,3823,-119.69874572753906,56.93465042114258,0.2662176787853241,0.24853964149951935,1,False
20150824_1800,8,4338,-117.43999481201172,59.57487106323242,0.40717193484306335,0.38655921816825867,1,False
20150824_1800,8,4813,-115.60860443115234,57.45052719116211,0.24153995513916016,0.2605459690093994,1,False
20150824_1800,8,9449,-100.95453643798828,52.600711822509766,0.2884681224822998,0.2834523618221283,1,False
20150824_1800,9,4813,-115.58916473388672,57.425357818603516,0.2643561065196991,0.263739675283432,1,False
20150824_1800,9,5230,-114.07804107666016,54.45579528808594,0.26617923378944397,0.2156848907470703,1,False
20150824_1800,9,6548,-109.60177612304688,55.9233512878418,0.3351028561592102,0.28817999362945557,1,False
20150825_0300,8,3823,-119.69874572753906,56.93465042114258,0.2371683418750763,0.24743163585662842,1,False
20150825_0300,8,4338,-117.43999481201172,59.57487106323242,0.37508898973464966,0.3766695261001587,1,False
20150825_0300,8,4813,-115.58915710449219,57.42535400390625,0.2011566460132599,0.25050970911979675,1,False
20150825_0300,8,5230,-114.07804107666016,54.45579528808594,0.19587716460227966,0.2177862972021103,1,False
20150825_0300,8,6548,-109.62364196777344,55.90507507324219,0.2479442059993744,0.27994242310523987,1,False
20150825_0300,9,6548,-109.60177612304688,55.92334747314453,0.2479448914527893,0.27404385805130005,1,False
20150825_0300,9,9449,-100.95453643798828,52.600711822509766,0.2504144310951233,0.2758253514766693,1,False
20150825_0600,8,3823,-119.69874572753906,56.93465042114258,0.2133105993270874,0.24731801450252533,1,False
20150825_0600,8,4338,-117.43999481201172,59.57487106323242,0.3907691240310669,0.3771073818206787,1,False
20150825_0600,8,4813,-115.58915710449219,57.42535400390625,0.1904410868883133,0.23838621377944946,1,False
20150825_0600,8,5230,-114.14922332763672,54.45953369140625,0.23475246131420135,0.2118198275566101,1,False
20150825_1800,8,3823,-119.69874572753906,56.93465042114258,0.24125218391418457,0.2450067549943924,1,False
20150825_1800,8,4338,-117.43999481201172,59.57487106323242,0.3880506753921509,0.37544846534729004,1,False
20150825_1800,8,4813,-115.58916473388672,57.42535400390625,0.25709807872772217,0.23724496364593506,1,False
20150825_1800,8,5230,-114.07804107666016,54.4557991027832,0.21529307961463928,0.2112938016653061,1,False
20150825_1800,8,9449,-100.95453643798828,52.600711822509766,0.2663419246673584,0.265645295381546,1,False
20150825_1800,9,5230,-114.07804107666016,54.4557991027832,0.274809867143631,0.2112938016653061,1,False
20150825_1800,9,6548,-109.60177612304688,55.92334747314453,0.31478503346443176,0.2574745714664459,1,False
20150825_1800,9,9449,-100.95453643798828,52.600711822509766,0.24983720481395721,0.265645295381546,1,False
20150826_0300,8,4338,-117.43999481201172,59.57487106323242,0.35760122537612915,0.369779109954834,1,False
20150826_0300,8,4813,-115.58915710449219,57.42535400390625,0.26742178201675415,0.24522346258163452,1,False
20150826_0300,8,5230,-114.07804107666016,54.45579528808594,0.20034071803092957,0.209548220038414,1,False
20150826_0300,8,6548,-109.60177612304688,55.92334747314453,0.2618643045425415,0.2650447189807892,1,False
20150826_0300,9,3823,-119.69876098632812,56.93465042114258,0.21377459168434143,0.2588941156864166,1,False
20150826_0300,9,9449,-100.95453643798828,52.600711822509766,0.26642557978630066,0.254428893327713,1,False
20150826_0600,8,3823,-119.69874572753906,56.93465042114258,0.2091560661792755,0.24951879680156708,1,False
20150826_0600,8,4338,-117.43999481201172,59.57487106323242,0.348601371049881,0.3638497591018677,1,False
20150826_0600,8,4813,-115.58915710449219,57.42535400390625,0.306340754032135,0.2533392012119293,1,False
20150826_0600,8,5230,-114.07804107666016,54.45579528808594,0.2504638731479645,0.20595403015613556,1,False
20150826_0600,8,6548,-109.60177612304688,55.92334747314453,0.2660437226295471,0.25939273834228516,1,False
20150826_1500,9,9449,-100.95453643798828,52.600711822509766,0.28241166472435,0.26290085911750793,1,False
20150826_1800,8,3823,-119.69874572753906,56.93465805053711,0.2442605197429657,0.24630586802959442,1,False
20150826_1800,8,4338,-117.43998718261719,59.57487106323242,0.38809770345687866,0.3612087666988373,1,False
20150826_1800,8,4813,-115.58916473388672,57.42535400390625,0.28099483251571655,0.2672478258609772,1,False
20150826_1800,8,5230,-114.07804107666016,54.45579528808594,0.24438133835792542,0.2166374921798706,1,False
20150826_1800,8,6548,-109.60177612304688,55.9233512878418,0.29201018810272217,0.2889333665370941,1,False
20150826_1800,9,3823,-119.69874572753906,56.93465042114258,0.27504757046699524,0.24630586802959442,1,False
20150826_1800,9,4338,-117.43998718261719,59.57487106323242,0.4054182767868042,0.3612087666988373,1,False
20150826_1800,9,9449,-100.95453643798828,52.600711822509766,0.28932973742485046,0.2696574926376343,1,False
20150826_2100,9,4338,-117.47454071044922,59.72857666015625,0.3897799551486969,0.3556327521800995,1,True
20150827_0300,8,6548,-109.60177612304688,55.92334747314453,0.2850862443447113,0.2744177281856537,1,False
20150827_0300,8,9449,-100.95453643798828,52.600711822509766,0.22797033190727234,0.26812949776649475,1,False
20150827_0300,9,3823,-119.69876098632812,56.93465042114258,0.2566779851913452,0.2502852976322174,1,False
20150827_0300,9,4338,-117.43999481201172,59.57487106323242,0.34439748525619507,0.3663599491119385,1,False
20150827_0300,9,4813,-115.58917236328125,57.42535400390625,0.21508486568927765,0.2683872878551483,1,False
20150827_0300,9,5230,-114.07804107666016,54.45579528808594,0.2140318751335144,0.21902763843536377,1,False
20150827_0600,8,6548,-109.60177612304688,55.92334747314453,0.2563999891281128,0.27343079447746277,1,False
20150827_0600,9,3823,-119.69874572753906,56.93465042114258,0.26170825958251953,0.2514074146747589,1,False
20150827_0600,9,4338,-117.54419708251953,59.53207778930664,0.34337061643600464,0.3582891523838043,1,False
20150827_1800,8,5230,-114.07804107666016,54.4557991027832,0.262356162071228,0.2186838835477829,1,False
20150827_1800,8,6548,-109.60177612304688,55.9233512878418,0.3124449551105499,0.2696383595466614,1,False
20150827_1800,9,3823,-119.69874572753906,56.93465042114258,0.337887704372406,0.2530360519886017,1,False
20150827_1800,9,4338,-117.43999481201172,59.57487106323242,0.42075881361961365,0.35897889733314514,1,False
20150827_1800,9,4813,-115.58916473388672,57.42535400390625,0.32124051451683044,0.25479963421821594,1,False
20150827_1800,9,5230,-114.11274719238281,54.472625732421875,0.29697346687316895,0.21904706954956055,1,False
20150827_1800,9,9449,-100.95453643798828,52.600711822509766,0.2793583273887634,0.24788939952850342,1,False
20150828_0300,8,3823,-119.76318359375,56.86021041870117,0.26208728551864624,0.27663668990135193,1,False
20150828_0300,8,9449,-100.95453643798828,52.600711822509766,0.23947679996490479,0.2563437819480896,1,False
20150828_0300,9,3823,-119.68120574951172,56.964683532714844,0.32611900568008423,0.2567061483860016,1,False
20150828_0300,9,4338,-117.43999481201172,59.57487106323242,0.3734624683856964,0.3575633764266968,1,False
20150828_0300,9,4813,-115.58915710449219,57.42535400390625,0.26664209365844727,0.2586188018321991,1,False
20150828_0300,9,5230,-114.07804107666016,54.45579528808594,0.21524956822395325,0.2273208647966385,1,False
20150828_0300,9,6548,-109.60177612304688,55.92334747314453,0.270946741104126,0.266425758600235,1,False
20150828_0600,9,3823,-119.69874572753906,56.93465042114258,0.26458752155303955,0.26417258381843567,1,False
20150828_0600,9,4338,-117.43999481201172,59.57487106323242,0.392259806394577,0.3613126277923584,1,False
20150828_0600,9,4813,-115.58915710449219,57.42535400390625,0.3052385747432709,0.25807514786720276,1,False
20150828_0600,9,5230,-114.07804107666016,54.45579528808594,0.2944471538066864,0.21953530609607697,1,False
20150828_1500,8,9449,-100.95453643798828,52.600711822509766,0.26089611649513245,0.2547706663608551,1,False
20150828_1800,8,6548,-109.60177612304688,55.92334747314453,0.2687456011772156,0.25779828429222107,1,False
20150828_1800,9,3823,-119.69874572753906,56.93465042114258,0.2893272042274475,0.25900062918663025,1,False
20150828_1800,9,4338,-117.43999481201172,59.57487106323242,0.39097633957862854,0.3651384115219116,1,False
20150828_1800,9,4813,-115.58916473388672,57.42535400390625,0.3080960512161255,0.26197585463523865,1,False
20150828_1800,9,5230,-114.07804107666016,54.45579528808594,0.27015456557273865,0.22633588314056396,1,False
20150828_1800,9,6548,-109.60177612304688,55.92334747314453,0.28129756450653076,0.25779828429222107,1,False
20150829_0300,8,4338,-117.43999481201172,59.57487106323242,0.33605873584747314,0.3625504672527313,1,False
20150829_0300,8,4813,-115.58917236328125,57.42535400390625,0.26036936044692993,0.2590256631374359,1,False
20150829_0300,8,5230,-114.07804107666016,54.45579528808594,0.18920040130615234,0.2085556983947754,1,False
20150829_0300,8,9449,-100.95453643798828,52.600711822509766,0.2391110360622406,0.2431957870721817,1,False
20150829_0300,9,4338,-117.43999481201172,59.57487106323242,0.3815756142139435,0.3625504672527313,1,False
20150829_0300,9,4813,-115.41458129882812,57.51648712158203,0.36605992913246155,0.30961644649505615,1,False
20150829_0300,9,6548,-109.60177612304688,55.92334747314453,0.3058735728263855,0.2551083266735077,1,False
20150829_0300,9,9449,-100.95453643798828,52.600711822509766,0.2358696609735489,0.2431957870721817,1,False
20150829_0600,8,3823,-119.69874572753906,56.93465042114258,0.2640882134437561,0.27611586451530457,1,False
20150829_0600,9,4338,-117.43999481201172,59.57487106323242,0.3445059359073639,0.35907554626464844,1,False
20150829_0600,9,4813,-115.58915710449219,57.42535400390625,0.27907854318618774,0.2622000575065613,1,False
20150829_0600,9,5230,-114.07804107666016,54.45579528808594,0.2558056116104126,0.20110595226287842,1,False
20150829_0600,9,6548,-109.60177612304688,55.92334747314453,0.3230137825012207,0.2649856209754944,1,False
20150829_1500,8,9449,-100.940185546875,52.512123107910156,0.19251927733421326,0.2440354973077774,1,False
20150829_1800,8,3823,-119.69874572753906,56.93465042114258,0.29074805974960327,0.26937201619148254,1,False
20150829_1800,8,4338,-117.43999481201172,59.57487106323242,0.3811076283454895,0.35856977105140686,1,False
20150829_1800,8,4813,-115.58916473388672,57.425357818603516,0.2399313747882843,0.26839974522590637,1,False
20150829_1800,8,9449,-100.95453643798828,52.600711822509766,0.25752609968185425,0.21573138236999512,1,False
20150829_1800,9,4813,-115.58916473388672,57.425357818603516,0.28184789419174194,0.26839974522590637,1,False
20150829_1800,9,5230,-114.07804107666016,54.4557991027832,0.25952330231666565,0.2136448472738266,1,False
20150829_1800,9,6548,-109.60177612304688,55.9233512878418,0.3460749685764313,0.27676042914390564,1,False
20150830_0300,8,4338,-117.43999481201172,59.57487106323242,0.36117395758628845,0.35731518268585205,1,False
20150830_0300,8,6548,-109.60177612304688,55.92334747314453,0.28680482506752014,0.278621107339859,1,False
20150830_0300,9,6548,-109.60177612304688,55.92334747314453,0.28892087936401367,0.278621107339859,1,False
20150830_0300,9,9449,-100.95453643798828,52.600711822509766,0.2817031443119049,0.22920918464660645,1,False
20150830_0600,8,3823,-119.69874572753906,56.93465042114258,0.44084495306015015,0.30555540323257446,1,False
20150830_0600,8,4813,-115.58915710449219,57.42535400390625,0.2945901155471802,0.2708042562007904,1,False
20150830_0600,8,5230,-114.07804107666016,54.45579528808594,0.24167609214782715,0.25562432408332825,1,False
20150830_1800,8,3823,-119.69874572753906,56.93465042114258,0.2866542339324951,0.29211539030075073,1,False
20150830_1800,8,4338,-117.43999481201172,59.57487106323242,0.4095746576786041,0.37279853224754333,1,False
20150830_1800,8,4813,-115.58916473388672,57.42535400390625,0.30146148800849915,0.2701229453086853,1,False
20150830_1800,8,5230,-114.07804107666016,54.4557991027832,0.20105652511119843,0.2326999455690384,1,False
20150830_1800,8,9449,-100.95453643798828,52.600711822509766,0.26322558522224426,0.2841922342777252,1,False
20150830_1800,9,5230,-114.02688598632812,54.415592193603516,0.24672725796699524,0.22202496230602264,1,True
20150830_1800,9,6548,-109.60177612304688,55.92334747314453,0.3049655556678772,0.2663278579711914,1,False
20150830_1800,9,9449,-100.95453643798828,52.600711822509766,0.25622621178627014,0.2841922342777252,1,False
20150831_0300,8,4338,-117.43999481201172,59.57487106323242,0.35063523054122925,0.365008682012558,1,False
20150831_0300,8,4813,-115.58917236328125,57.42535400390625,0.23692990839481354,0.2550348937511444,1,False
20150831_0300,8,6548,-109.60177612304688,55.92334747314453,0.3458727300167084,0.2559179365634918,1,False
20150831_0300,8,9449,-100.95944213867188,52.3935546875,0.2338925004005432,0.27040722966194153,1,True
20150831_0300,9,3823,-119.69874572753906,56.93465042114258,0.2767412066459656,0.2726837694644928,1,False
20150831_0300,9,9449,-100.95453643798828,52.600711822509766,0.27653276920318604,0.29037943482398987,1,False
20150831_0600,8,4338,-117.43999481201172,59.57487106323242,0.34269824624061584,0.35997137427330017,1,False
20150831_0600,8,4813,-115.58915710449219,57.42535400390625,0.2135624885559082,0.24776726961135864,1,False
20150831_0600,8,5230,-114.07804107666016,54.45579528808594,0.19471390545368195,0.20243054628372192,1,False
20150831_0600,8,6548,-109.60177612304688,55.92334747314453,0.3563111424446106,0.27606770396232605,1,False
20150831_1500,9,9449,-100.95453643798828,52.600711822509766,0.25242653489112854,0.27755793929100037,1,False
20150831_1800,8,3823,-119.57514953613281,56.732688903808594,0.2082381546497345,0.2518647015094757,1,True
20150831_1800,8,4813,-115.58916473388672,57.425357818603516,0.2350810021162033,0.2405320405960083,1,False
20150831_1800,8,5230,-114.07804107666016,54.45579528808594,0.23700127005577087,0.19388027489185333,1,False
20150831_1800,8,6548,-109.60177612304688,55.9233512878418,0.31887269020080566,0.2701590359210968,1,False
20150831_1800,9,3823,-119.69874572753906,56.93465042114258,0.27003076672554016,0.26811957359313965,1,False
20150831_1800,9,4338,-117.43998718261719,59.57487869262695,0.35206785798072815,0.3559913635253906,1,False
20150831_1800,9,9449,-100.95453643798828,52.600711822509766,0.266042023897171,0.27117061614990234,1,False
20150831_2100,9,4338,-117.43998718261719,59.57487106323242,0.38716426491737366,0.3477555811405182,1,False
20150901_0300,8,6548,-109.6017837524414,55.9233512878418,0.2709731161594391,0.25943198800086975,1,False
20150901_0300,8,9449,-100.95453643798828,52.600711822509766,0.24228575825691223,0.2554524540901184,1,False
20150901_0300,9,3823,-119.69876098632812,56.93465042114258,0.22153115272521973,0.2340354323387146,1,False
20150901_0300,9,4338,-117.43999481201172,59.57487106323242,0.32908138632774353,0.35199761390686035,1,False
20150901_0300,9,4813,-115.58917236328125,57.42535400390625,0.19865918159484863,0.22531378269195557,1,False
20150901_0300,9,5230,-114.09286499023438,54.40664291381836,0.1835111379623413,0.19781236350536346,1,False
20150901_0600,9,3823,-119.69874572753906,56.93465042114258,0.21812349557876587,0.23204030096530914,1,False
20150901_0600,9,4338,-117.43999481201172,59.57487106323242,0.3157821297645569,0.3472687304019928,1,False
20150901_1800,8,5230,-114.09286499023438,54.406646728515625,0.21857516467571259,0.2188957780599594,1,False
20150901_1800,8,6548,-109.6017837524414,55.9233512878418,0.3237062096595764,0.26199230551719666,1,False
20150901_1800,8,9449,-100.95453643798828,52.600711822509766,0.3167959153652191,0.2505510449409485,1,False
20150901_1800,9,3823,-119.69874572753906,56.93465042114258,0.27712053060531616,0.234852597117424,1,False
20150901_1800,9,4338,-117.43999481201172,59.57487106323242,0.393293559551239,0.3454417288303375,1,False
20150901_1800,9,4813,-115.58916473388672,57.42535400390625,0.22891399264335632,0.22358302772045135,1,False
20150901_1800,9,5230,-114.09286499023438,54.406646728515625,0.18700149655342102,0.2188957780599594,1,False
20150901_1800,9,9449,-100.95453643798828,52.600711822509766,0.28452375531196594,0.2505510449409485,1,False
20150902_0300,8,3823,-119.69876098632812,56.93465042114258,0.21120643615722656,0.2505306303501129,1,False
20150902_0300,8,9449,-100.95453643798828,52.600711822509766,0.23471975326538086,0.2600766718387604,1,False
20150902_0300,9,4338,-117.43999481201172,59.57487106323242,0.3465130031108856,0.354448527097702,1,False
20150902_0300,9,4813,-115.58915710449219,57.42535400390625,0.21467502415180206,0.22426609694957733,1,False
20150902_0300,9,5230,-114.09286499023438,54.40664291381836,0.1835111379623413,0.1950664073228836,1,False
20150902_0300,9,6548,-109.60177612304688,55.92334747314453,0.24486368894577026,0.26646316051483154,1,False
20150902_0600,9,3823,-119.69874572753906,56.93465042114258,0.21120643615722656,0.2362324595451355,1,False
20150902_0600,9,4338,-117.43999481201172,59.57487106323242,0.33243659138679504,0.35097941756248474,1,False
20150902_0600,9,4813,-115.58915710449219,57.42535400390625,0.19831103086471558,0.22122298181056976,1,False
20150902_1500,8,9449,-100.95453643798828,52.600711822509766,0.26713359355926514,0.24859702587127686,1,False
20150902_1800,8,3823,-119.69874572753906,56.93465042114258,0.39679840207099915,0.23514044284820557,1,False
20150902_1800,8,6548,-109.60177612304688,55.92334747314453,0.28319141268730164,0.2947324216365814,1,False
20150902_1800,9,3823,-119.69874572753906,56.93465805053711,0.38856762647628784,0.23514044284820557,1,False
20150902_1800,9,4338,-117.43998718261719,59.57487106323242,0.3491113483905792,0.3497314453125,1,False
20150902_1800,9,4813,-115.58915710449219,57.42535400390625,0.2341785728931427,0.22422172129154205,1,False
20150902_1800,9,5230,-114.09286499023438,54.40664291381836,0.23278303444385529,0.22912736237049103,1,False
20150902_1800,9,6548,-109.60177612304688,55.92334747314453,0.28626105189323425,0.2947324216365814,1,False
20150903_0300,8,4338,-117.43999481201172,59.57487106323242,0.312628835439682,0.34948185086250305,1,False
20150903_0300,8,5230,-114.09286499023438,54.40664291381836,0.24795471131801605,0.23617731034755707,1,False
20150903_0300,8,9449,-100.95453643798828,52.600711822509766,0.2427142858505249,0.24192248284816742,1,False
20150903_0300,9,4338,-117.34257507324219,59.74941635131836,0.31956762075424194,0.3506901264190674,1,False
20150903_0300,9,6548,-109.60177612304688,55.92334747314453,0.3095698058605194,0.27302876114845276,1,False
20150903_0300,9,9449,-100.95453643798828,52.600711822509766,0.2719385027885437,0.24192248284816742,1,False
20150903_0600,9,4338,-117.43999481201172,59.57487106323242,0.31008991599082947,0.3327518105506897,1,False
20150903_0600,9,4813,-115.58915710449219,57.42535400390625,0.44073188304901123,0.2820908725261688,1,False
20150903_0600,9,5230,-114.09286499023438,54.40664291381836,0.2757451832294464,0.2382243275642395,1,False
20150903_1800,8,9449,-100.95453643798828,52.600711822509766,0.3051748275756836,0.25092050433158875,1,False
20150903_1800,9,5230,-114.09286499023438,54.406646728515625,0.24720707535743713,0.23438896238803864,1,False
20150903_1800,9,6548,-109.60177612304688,55.9233512878418,0.31797441840171814,0.28712424635887146,1,False
20150904_0300,8,4338,-117.43999481201172,59.57487106323242,0.36965104937553406,0.37674760818481445,1,False
20150904_0300,8,4813,-115.58917236328125,57.42535400390625,0.4390476644039154,0.3007816970348358,1,False
20150904_0300,8,5230,-114.09286499023438,54.40664291381836,0.18766503036022186,0.22197364270687103,1,False
20150904_0300,8,6548,-109.60177612304688,55.92334747314453,0.2608915865421295,0.2824772000312805,1,False
20150904_0300,9,6548,-109.60177612304688,55.92334747314453,0.2524597644805908,0.2824772000312805,1,False
20150904_0300,9,9449,-100.95453643798828,52.600711822509766,0.25865820050239563,0.25897523760795593,1,False
20150904_0600,8,4338,-117.43999481201172,59.57487106323242,0.3861794173717499,0.37462857365608215,1,False
20150904_0600,8,4813,-115.58915710449219,57.42535400390625,0.43872207403182983,0.3083615303039551,1,False
20150904_0600,8,5230,-114.09286499023438,54.40664291381836,0.18766503036022186,0.2074192762374878,1,False
20150904_1800,8,4338,-117.43999481201172,59.57487106323242,0.37054765224456787,0.37356042861938477,1,False
20150904_1800,8,4813,-115.58916473388672,57.425357818603516,0.3623732626438141,0.30512985587120056,1,False
20150904_1800,8,5230,-114.1103744506836,54.43255615234375,0.20159342885017395,0.20902509987354279,1,False
20150904_1800,8,6548,-109.60177612304688,55.92334747314453,0.2798100709915161,0.27138087153434753,1,False
20150904_1800,8,9449,-100.95453643798828,52.600711822509766,0.22300532460212708,0.29917484521865845,1,False
20150904_1800,9,6548,-109.60177612304688,55.92334747314453,0.25858044624328613,0.27138087153434753,1,False
20150904_1800,9,9449,-100.95453643798828,52.600711822509766,0.19341258704662323,0.29917484521865845,1,False
20150905_0300,8,4338,-117.43999481201172,59.57487106323242,0.35836660861968994,0.36834630370140076,1,False
20150905_0300,8,4813,-115.58917236328125,57.42535400390625,0.2869369089603424,0.3023068308830261,1,False
20150905_0300,8,6548,-109.60177612304688,55.92334747314453,0.2484845668077469,0.2625332176685333,1,False
20150905_0300,8,9449,-100.95453643798828,52.600711822509766,0.26114168763160706,0.2668115794658661,1,False
20150905_0300,9,9449,-100.95453643798828,52.600711822509766,0.2596423625946045,0.2668115794658661,1,False
20150905_0600,8,4338,-117.43999481201172,59.57487106323242,0.3512888252735138,0.3650612533092499,1,False
20150905_0600,8,4813,-115.58915710449219,57.42535400390625,0.33058202266693115,0.301408052444458,1,False
20150905_0600,8,5230,-114.09286499023438,54.40664291381836,0.19401860237121582,0.20255230367183685,1,False
20150905_0600,8,6548,-109.62364196777344,55.90507507324219,0.24867963790893555,0.26689717173576355,1,False
20150905_1500,9,9449,-100.95453643798828,52.600711822509766,0.2387356460094452,0.26193323731422424,1,False
20150905_1800,8,4813,-115.58916473388672,57.425357818603516,0.31820961833000183,0.2946648597717285,1,False
20150905_1800,8,5230,-114.09286499023438,54.40664291381836,0.1943788230419159,0.20598934590816498,1,False
20150905_1800,8,6548,-109.60177612304688,55.9233512878418,0.28528115153312683,0.25910624861717224,1,False
20150905_1800,9,3823,-119.69874572753906,56.93465042114258,0.3323315382003784,0.28576019406318665,1,False
20150905_1800,9,4338,-117.43999481201172,59.57487106323242,0.38492351770401,0.3604494333267212,1,False
20150905_1800,9,9449,-100.95453643798828,52.600711822509766,0.25145894289016724,0.25130027532577515,1,False
20150905_2100,9,3823,-119.69874572753906,56.93465805053711,0.3159847855567932,0.2926553785800934,1,False
20150906_0300,8,6548,-109.60177612304688,55.92334747314453,0.2484845668077469,0.258380651473999,1,False
20150906_0300,8,9449,-100.95453643798828,52.600711822509766,0.3882070779800415,0.30339691042900085,1,False
20150906_0300,9,3823,-119.69874572753906,56.93465042114258,0.2525171637535095,0.286322683095932,1,False
20150906_0300,9,4338,-117.43999481201172,59.57487106323242,0.35001426935195923,0.3549141585826874,1,False
20150906_0300,9,4813,-115.58915710449219,57.42535400390625,0.23345977067947388,0.28297868371009827,1,False
20150906_0300,9,5230,-114.09286499023438,54.40664291381836,0.18766503036022186,0.1976306438446045,1,False
20150906_0600,9,3823,-119.69874572753906,56.93465042114258,0.22346840798854828,0.2787999212741852,1,False
20150906_0600,9,4338,-117.43999481201172,59.57487106323242,0.3422449827194214,0.3504234850406647,1,False
20150906_0600,9,4813,-115.61409759521484,57.41233444213867,0.1945578157901764,0.2660753130912781,1,False
20150906_1800,9,3823,-119.69874572753906,56.93465042114258,0.3295358121395111,0.26541993021965027,1,False
20150906_1800,9,4338,-117.43999481201172,59.57487106323242,0.4065365195274353,0.3498227596282959,1,False
20150906_1800,9,4813,-115.58916473388672,57.425357818603516,0.28752174973487854,0.2642824947834015,1,False
20150907_0300,8,3823,-119.69874572753906,56.93465042114258,0.2196660041809082,0.2788141369819641,1,False
20150907_0300,8,9449,-100.95453643798828,52.600711822509766,0.26815250515937805,0.2963891923427582,1,False
20150907_0300,9,4338,-117.43999481201172,59.57487106323242,0.33831289410591125,0.3554607927799225,1,False
20150907_0300,9,4813,-115.58917236328125,57.42535400390625,0.23913145065307617,0.2667383551597595,1,False
20150907_0300,9,5230,-114.09286499023438,54.40664291381836,0.3254183530807495,0.27225133776664734,1,False
20150907_0300,9,6548,-109.60177612304688,55.92334747314453,0.4542846083641052,0.3049895465373993,1,False
20150907_0600,9,3823,-119.69874572753906,56.93465042114258,0.21499332785606384,0.2606419324874878,1,False
20150907_0600,9,4338,-117.43999481201172,59.57487106323242,0.3380349278450012,0.34871017932891846,1,False
20150907_0600,9,4813,-115.58915710449219,57.42535400390625,0.26172980666160583,0.2571183145046234,1,False
20150907_0600,9,5230,-114.09286499023438,54.40664291381836,0.3573738634586334,0.2675246298313141,1,False
20150907_1500,8,9449,-100.95453643798828,52.600711822509766,0.2378728985786438,0.29089391231536865,1,False
20150907_1800,8,3823,-119.69874572753906,56.93465042114258,0.2805016338825226,0.25372615456581116,1,False
20150907_1800,8,4338,-117.43998718261719,59.57487869262695,0.381135493516922,0.34769609570503235,1,False
20150907_1800,8,9449,-100.95453643798828,52.600711822509766,0.2291366308927536,0.2858230173587799,1,False
20150907_1800,9,3823,-119.69874572753906,56.93465042114258,0.3053932189941406,0.25372615456581116,1,False
20150907_1800,9,4338,-117.43998718261719,59.57487869262695,0.37931519746780396,0.34769609570503235,1,False
20150907_1800,9,4813,-115.58915710449219,57.42535400390625,0.28499943017959595,0.260682612657547,1,False
20150907_1800,9,5230,-114.09286499023438,54.40664291381836,0.3170597553253174,0.2579798400402069,1,False
20150907_1800,9,6548,-109.60177612304688,55.92334747314453,0.4077026844024658,0.3078198730945587,1,False
20150907_2100,8,4338,-117.60650634765625,59.707740783691406,0.32581275701522827,0.3642329275608063,1,False
20150908_0300,8,3823,-119.69876098632812,56.93465042114258,0.24336561560630798,0.26519379019737244,1,False
20150908_0300,8,4338,-117.43999481201172,59.57487106323242,0.33957862854003906,0.35053932666778564,1,False
20150908_0300,8,4813,-115.58915710449219,57.42535400390625,0.21886789798736572,0.2626952826976776,1,False
20150908_0300,8,5230,-114.09286499023438,54.40664291381836,0.26296043395996094,0.25059786438941956,1,False
20150908_0300,8,9449,-100.92093658447266,52.63069534301758,0.37415099143981934,0.28970304131507874,1,False
20150908_0300,9,6548,-109.60177612304688,55.92334747314453,0.3164280951023102,0.2994988262653351,1,False
20150908_0300,9,9449,-100.95453643798828,52.600711822509766,0.26849523186683655,0.2838854491710663,1,False
20150908_0600,8,3823,-119.69874572753906,56.93465042114258,0.23594197630882263,0.25969064235687256,1,False
20150908_0600,8,4338,-117.54419708251953,59.53207778930664,0.3245006203651428,0.34749677777290344,1,False
20150908_0600,9,4813,-115.58915710449219,57.42535400390625,0.21835768222808838,0.2523983418941498,1,False
20150908_0600,9,5230,-114.09286499023438,54.40664291381836,0.3046083152294159,0.2486930936574936,1,False
20150908_0600,9,6548,-109.60177612304688,55.92334747314453,0.33191266655921936,0.2986948788166046,1,False
20150908_1800,8,3823,-119.69874572753906,56.93465042114258,0.28734540939331055,0.2612527906894684,1,False
20150908_1800,8,4338,-117.43999481201172,59.57487106323242,0.39362359046936035,0.35489416122436523,1,False
20150908_1800,8,4813,-115.59823608398438,57.43709945678711,0.249848872423172,0.2485656589269638,1,False
20150908_1800,8,5230,-114.19963073730469,54.41228485107422,0.3135913908481598,0.269314169883728,1,False
20150908_1800,8,9449,-100.95453643798828,52.600711822509766,0.2284761667251587,0.28372815251350403,1,False
20150908_1800,9,4813,-115.54325866699219,57.34044647216797,0.35591259598731995,0.26691296696662903,1,False
20150908_1800,9,5230,-114.09286499023438,54.406646728515625,0.29563042521476746,0.2512754201889038,1,False
20150908_1800,9,6548,-109.60177612304688,55.9233512878418,0.3281504809856415,0.2913290858268738,1,False
20150909_0300,8,3823,-119.68120574951172,56.964683532714844,0.259706050157547,0.2827623188495636,1,False
20150909_0300,8,4338,-117.43999481201172,59.57487106323242,0.3265264630317688,0.3644160032272339,1,False
20150909_0300,8,4813,-115.58915710449219,57.42535400390625,0.27989497780799866,0.26847371459007263,1,False
20150909_0300,8,5230,-114.09286499023438,54.40664291381836,0.2336333990097046,0.2511965334415436,1,False
20150909_0300,8,6548,-109.60177612304688,55.92334747314453,0.25859326124191284,0.2885867655277252,1,False
20150909_0300,9,6548,-109.60177612304688,55.92334747314453,0.2543083429336548,0.2885867655277252,1,False
20150909_0300,9,9449,-100.95453643798828,52.600711822509766,0.23091205954551697,0.2641877233982086,1,False
20150909_0600,8,3823,-119.69874572753906,56.93465042114258,0.2828148305416107,0.27803274989128113,1,False
20150909_0600,8,4338,-117.43999481201172,59.57487106323242,0.3262585401535034,0.3555060923099518,1,False
20150909_0600,8,4813,-115.58915710449219,57.42535400390625,0.27580517530441284,0.27241793274879456,1,False
20150909_0600,8,5230,-114.09286499023438,54.40664291381836,0.24872487783432007,0.24276171624660492,1,False
20150909_1500,9,9449,-100.95453643798828,52.600711822509766,0.23902460932731628,0.2547451853752136,1,False
20150909_1800,8,3823,-119.69874572753906,56.93465042114258,0.3054218292236328,0.27837082743644714,1,False
20150909_1800,8,4338,-117.43999481201172,59.57487106323242,0.38306725025177,0.35341429710388184,1,False
20150909_1800,8,4813,-115.58916473388672,57.42535400390625,0.3145914673805237,0.2708706259727478,1,False
20150909_1800,8,5230,-114.09286499023438,54.40664291381836,0.2553262710571289,0.23959970474243164,1,False
20150909_1800,8,6548,-109.60177612304688,55.92334747314453,0.31160157918930054,0.2761237323284149,1,False
20150909_1800,9,6548,-109.60177612304688,55.92334747314453,0.3227609694004059,0.2761237323284149,1,False
20150910_0300,8,4338,-117.43999481201172,59.57487106323242,0.3581751883029938,0.3499322831630707,1,False
20150910_0300,8,4813,-115.41458129882812,57.51648712158203,0.2734089493751526,0.3083183169364929,1,False
20150910_0300,8,6548,-109.60177612304688,55.92334747314453,0.28887978196144104,0.2784745991230011,1,False
20150910_0300,8,9449,-100.95453643798828,52.600711822509766,0.254941463470459,0.24750614166259766,1,False
20150910_0300,9,3823,-119.69874572753906,56.93465042114258,0.2615275979042053,0.27351170778274536,1,False
20150910_0300,9,4338,-117.54419708251953,59.53207778930664,0.3881371319293976,0.3501743972301483,1,False
20150910_0300,9,5230,-114.09286499023438,54.40664291381836,0.2588786482810974,0.23350901901721954,1,False
20150910_0300,9,9449,-100.95453643798828,52.600711822509766,0.24958163499832153,0.24750614166259766,1,False
20150910_0600,8,4338,-117.43999481201172,59.57487106323242,0.31743502616882324,0.3604241609573364,1,False
20150910_0600,8,4813,-115.58915710449219,57.42535400390625,0.19427645206451416,0.26518306136131287,1,False
20150910_0600,8,5230,-114.09286499023438,54.40664291381836,0.25126397609710693,0.24096031486988068,1,False
20150910_0600,8,6548,-109.60177612304688,55.92334747314453,0.2761913239955902,0.2764550447463989,1,False
20150910_0600,9,3823,-119.8102035522461,56.892093658447266,0.2642855644226074,0.29677078127861023,1,False
20150910_1500,9,9449,-100.95453643798828,52.600711822509766,0.24056579172611237,0.25226765871047974,1,False
20150910_1800,8,4813,-115.58916473388672,57.425357818603516,0.27260622382164,0.25391677021980286,1,False
20150910_1800,8,5230,-114.09286499023438,54.406646728515625,0.2741027772426605,0.23853707313537598,1,False
20150910_1800,8,6548,-109.60177612304688,55.9233512878418,0.3197544813156128,0.271200954914093,1,False
20150910_1800,9,3823,-119.69874572753906,56.93465042114258,0.3311067223548889,0.26761582493782043,1,False
20150910_1800,9,4338,-117.43999481201172,59.57488250732422,0.40463268756866455,0.35037708282470703,1,False
20150910_1800,9,4813,-115.58916473388672,57.425357818603516,0.3084142506122589,0.25391677021980286,1,False
20150910_1800,9,9449,-100.95453643798828,52.600711822509766,0.2638545632362366,0.24688805639743805,1,False
20150911_0300,8,6548,-109.60177612304688,55.92334747314453,0.2597671151161194,0.2777121365070343,1,False
20150911_0300,8,9449,-100.95453643798828,52.600711822509766,0.18804612755775452,0.2477264553308487,1,False
20150911_0300,9,3823,-119.69876098632812,56.93465042114258,0.32803186774253845,0.2749386429786682,1,False
20150911_0300,9,4338,-117.43999481201172,59.57487106323242,0.37840285897254944,0.34928521513938904,1,False
20150911_0300,9,4813,-115.58917236328125,57.42535400390625,0.2521207928657532,0.2606860101222992,1,False
20150911_0300,9,5230,-114.09286499023438,54.40664291381836,0.23317033052444458,0.23237504065036774,1,False
20150911_0300,9,6548,-109.62364196777344,55.90507507324219,0.30635127425193787,0.28299638628959656,1,False
20150911_0600,9,3823,-119.69874572753906,56.93465042114258,0.34314191341400146,0.28805074095726013,1,False
20150911_0600,9,4338,-117.43999481201172,59.57487106323242,0.39247575402259827,0.3534219264984131,1,False
20150911_0600,9,4813,-115.58915710449219,57.42535400390625,0.26482751965522766,0.2586289942264557,1,False
20150911_0600,9,5230,-114.19963073730469,54.41229248046875,0.2474813461303711,0.2438618689775467,1,False
20150911_1800,8,5230,-114.09286499023438,54.406646728515625,0.24632366001605988,0.2285573035478592,1,False
20150911_1800,8,6548,-109.60177612304688,55.92334747314453,0.3032585084438324,0.2715882658958435,1,False
20150911_1800,8,9449,-100.95453643798828,52.600711822509766,0.2353857457637787,0.23084354400634766,1,False
20150911_1800,9,3823,-119.69874572753906,56.93465042114258,0.3474601209163666,0.28533217310905457,1,False
20150911_1800,9,4338,-117.43999481201172,59.57487106323242,0.4179391860961914,0.35815560817718506,1,False
20150911_1800,9,4813,-115.58916473388672,57.42535400390625,0.3424810469150543,0.2582242786884308,1,False
20150911_1800,9,5230,-114.09286499023438,54.406646728515625,0.2474319189786911,0.2285573035478592,1,False
20150911_1800,9,9449,-100.95453643798828,52.600711822509766,0.26547279953956604,0.23084354400634766,1,False
20150912_0300,8,3823,-119.69876098632812,56.93465042114258,0.3241795301437378,0.2737349569797516,1,False
20150912_0300,8,9449,-100.95453643798828,52.600711822509766,0.25387120246887207,0.2517653703689575,1,False
20150912_0300,9,4338,-117.43999481201172,59.57487106323242,0.43155089020729065,0.3514802157878876,1,False
20150912_0300,9,4813,-115.58915710449219,57.42535400390625,0.3323213458061218,0.26234546303749084,1,False
20150912_0300,9,5230,-114.09286499023438,54.40664291381836,0.22366175055503845,0.21598456799983978,1,False
20150912_0300,9,6548,-109.60177612304688,55.92334747314453,0.31068214774131775,0.26813027262687683,1,False
20150912_0600,9,3823,-119.69874572753906,56.93465042114258,0.3396683633327484,0.2815893292427063,1,False
20150912_0600,9,4338,-117.43999481201172,59.57487106323242,0.4178849160671234,0.3673076629638672,1,False
20150912_0600,9,4813,-115.58915710449219,57.42535400390625,0.351073682308197,0.2727900743484497,1,False
20150912_0600,9,5230,-114.09286499023438,54.40664291381836,0.23691393435001373,0.2176276594400406,1,False
20150912_0600,9,6548,-109.60177612304688,55.92334747314453,0.32269296050071716,0.2793344557285309,1,False
20150912_1500,8,9449,-100.95453643798828,52.600711822509766,0.2731015980243683,0.2577458322048187,1,False
20150912_1800,9,3823,-119.69874572753906,56.93465805053711,0.2820694148540497,0.29400983452796936,1,False
20150912_1800,9,4338,-117.43998718261719,59.57487106323242,0.3992781937122345,0.36328792572021484,1,False
20150912_1800,9,4813,-115.58915710449219,57.42535400390625,0.2759651243686676,0.27239540219306946,1,False
20150912_1800,9,5230,-114.09286499023438,54.40664291381836,0.25799673795700073,0.22003482282161713,1,False
20150912_1800,9,6548,-109.60177612304688,55.9233512878418,0.3246842622756958,0.27899473905563354,1,False
20150912_2100,8,4338,-117.43998718261719,59.57487106323242,0.3994612991809845,0.35917797684669495,1,False
20150913_0300,8,3823,-119.69876098632812,56.93465042114258,0.26452332735061646,0.2741670310497284,1,False
20150913_0300,8,4338,-117.43999481201172,59.57487106323242,0.3162388205528259,0.3579806387424469,1,False
20150913_0300,8,4813,-115.58915710449219,57.42535400390625,0.1889857053756714,0.2543274462223053,1,False
20150913_0300,9,6548,-109.60177612304688,55.92334747314453,0.2959347367286682,0.2772234082221985,1,False
20150913_0300,9,9449,-100.95453643798828,52.600711822509766,0.24560849368572235,0.24857015907764435,1,False
20150913_0600,8,3823,-119.69874572753906,56.93465042114258,0.25268661975860596,0.2729456424713135,1,False
20150913_0600,9,6548,-109.60177612304688,55.92334747314453,0.2567475140094757,0.2808242440223694,1,False
20150913_1800,8,3823,-119.69874572753906,56.93465042114258,0.31124329566955566,0.31296253204345703,1,False
20150913_1800,8,4338,-117.43999481201172,59.57487106323242,0.33274710178375244,0.3683193624019623,1,False
20150913_1800,8,4813,-115.58916473388672,57.42535400390625,0.21715271472930908,0.24156098067760468,1,False
20150913_1800,8,9449,-100.95453643798828,52.600711822509766,0.23291198909282684,0.26942598819732666,1,False
20150913_1800,9,6548,-109.60177612304688,55.9233512878418,0.3035133183002472,0.27467748522758484,1,False
20150914_0300,8,4338,-117.43999481201172,59.57487106323242,0.33212384581565857,0.3594639003276825,1,False
20150914_0300,8,4813,-115.58917236328125,57.42535400390625,0.19446156919002533,0.24040848016738892,1,False
20150914_0300,8,5230,-114.09286499023438,54.40664291381836,0.22925344109535217,0.2773870527744293,1,False
20150914_0300,9,3823,-119.76318359375,56.86021041870117,0.4878091514110565,0.32544973492622375,1,False
20150914_0300,9,9449,-100.95453643798828,52.600711822509766,0.20919504761695862,0.24658364057540894,1,False
20150914_0600,8,3823,-119.69874572753906,56.93465042114258,0.3216705918312073,0.3058524429798126,1,False
20150914_0600,8,4338,-117.43999481201172,59.57487106323242,0.3434688150882721,0.35226425528526306,1,False
20150914_0600,8,4813,-115.58915710449219,57.42535400390625,0.2092284858226776,0.22738008201122284,1,False
20150914_0600,8,5230,-114.09286499023438,54.40664291381836,0.2534583508968353,0.2646506726741791,1,False
20150914_1500,9,9449,-100.95453643798828,52.600711822509766,0.22557371854782104,0.2428867220878601,1,False
20150914_1800,8,3823,-119.69874572753906,56.93465805053711,0.3032597005367279,0.30152174830436707,1,False
20150914_1800,8,4338,-117.40838623046875,59.581153869628906,0.33407166600227356,0.3554694652557373,1,False
20150914_1800,8,4813,-115.58916473388672,57.42535400390625,0.2618260383605957,0.23664645850658417,1,False
20150914_1800,8,5230,-114.09286499023438,54.40664291381836,0.24473454058170319,0.25910159945487976,1,False
20150914_1800,8,6548,-109.60177612304688,55.92334747314453,0.36129969358444214,0.29344651103019714,1,False
20150914_1800,9,6548,-109.60177612304688,55.92334747314453,0.36577457189559937,0.29344651103019714,1,False
20150915_0300,8,4338,-117.34257507324219,59.74941635131836,0.34189870953559875,0.3467724621295929,1,False
20150915_0300,8,6548,-109.60177612304688,55.92334747314453,0.2934896945953369,0.29384467005729675,1,False
20150915_0300,8,9449,-100.95453643798828,52.600711822509766,0.21726280450820923,0.26093077659606934,1,False
20150915_0300,9,3823,-119.69876098632812,56.93465042114258,0.21863235533237457,0.29258283972740173,1,False
20150915_0300,9,4338,-117.43999481201172,59.57487106323242,0.3014879822731018,0.34523966908454895,1,False
20150915_0300,9,4813,-115.58917236328125,57.42535400390625,0.23598182201385498,0.25083068013191223,1,False
20150915_0300,9,5230,-114.09286499023438,54.40664291381836,0.25750353932380676,0.23909823596477509,1,False
20150915_0300,9,9449,-100.95453643798828,52.600711822509766,0.21536093950271606,0.26093077659606934,1,False
20150915_0600,8,4338,-117.43999481201172,59.57487106323242,0.3014879822731018,0.3386513888835907,1,False
20150915_0600,8,4813,-115.58915710449219,57.42535400390625,0.19174492359161377,0.2462104707956314,1,False
20150915_0600,8,5230,-114.09286499023438,54.40664291381836,0.24364995956420898,0.24207733571529388,1,False
20150915_0600,8,6548,-109.60177612304688,55.92334747314453,0.2842349410057068,0.29193153977394104,1,False
20150915_0600,9,3823,-119.69874572753906,56.93465042114258,0.21501174569129944,0.28225240111351013,1,False
20150915_1500,9,9449,-100.92093658447266,52.63069534301758,0.18372388184070587,0.28949907422065735,1,False
20150915_1800,8,4813,-115.58916473388672,57.425357818603516,0.26393166184425354,0.23786990344524384,1,False
20150915_1800,8,6548,-109.60177612304688,55.9233512878418,0.3186640739440918,0.28649917244911194,1,False
20150915_1800,9,3823,-119.69874572753906,56.93465042114258,0.3034970164299011,0.2746422588825226,1,False
20150915_1800,9,4338,-117.43999481201172,59.57487106323242,0.374838650226593,0.3398953676223755,1,False
20150915_1800,9,4813,-115.58916473388672,57.425357818603516,0.2867250144481659,0.23786990344524384,1,False
20150915_1800,9,9449,-100.95453643798828,52.600711822509766,0.26382824778556824,0.26882311701774597,1,False
20150916_0300,8,6548,-109.60177612304688,55.92334747314453,0.34286707639694214,0.28920799493789673,1,False
20150916_0300,9,3823,-119.69874572753906,56.93465042114258,0.2421775460243225,0.2717619240283966,1,False
20150916_0300,9,4338,-117.43999481201172,59.57487106323242,0.32944342494010925,0.3430747091770172,1,False
20150916_0300,9,4813,-115.58917236328125,57.42535400390625,0.19266891479492188,0.2478807121515274,1,False
20150916_0300,9,6548,-109.60177612304688,55.92334747314453,0.3526651859283447,0.28920799493789673,1,False
20150916_0600,9,3823,-119.69874572753906,56.93465042114258,0.22072967886924744,0.2627064883708954,1,False
20150916_0600,9,4338,-117.43999481201172,59.57487106323242,0.33970192074775696,0.3396301567554474,1,False
20150916_0600,9,4813,-115.58915710449219,57.42535400390625,0.18880687654018402,0.23365388810634613,1,False
20150916_0600,9,5230,-114.09286499023438,54.40664291381836,0.2958679497241974,0.2912627160549164,1,False
20150916_1500,8,9449,-100.95453643798828,52.600711822509766,0.33894777297973633,0.2959347069263458,1,False
20150916_1800,8,6548,-109.60177612304688,55.92334747314453,0.3630604147911072,0.3082401156425476,1,False
20150916_1800,9,3823,-119.69874572753906,56.93465042114258,0.29427069425582886,0.2586641311645508,1,False
20150916_1800,9,4338,-117.43999481201172,59.57487106323242,0.3964148759841919,0.34450629353523254,1,False
20150916_1800,9,4813,-115.58916473388672,57.425357818603516,0.2805039882659912,0.23076821863651276,1,False
20150916_1800,9,5230,-114.09286499023438,54.406646728515625,0.3065200448036194,0.2762148976325989,1,False
20150916_1800,9,9449,-100.95453643798828,52.600711822509766,0.3393385708332062,0.3023706376552582,1,False
20150917_0300,8,3823,-119.69876098632812,56.93465042114258,0.21675951778888702,0.2650897204875946,1,False
20150917_0300,9,4338,-117.43999481201172,59.57487106323242,0.36039263010025024,0.34651872515678406,1,False
20150917_0300,9,4813,-115.58917236328125,57.42535400390625,0.2116853892803192,0.24174243211746216,1,False
20150917_0600,9,4338,-117.43999481201172,59.57487106323242,0.33048561215400696,0.34977760910987854,1,False
20150917_0600,9,4813,-115.58915710449219,57.42535400390625,0.19037383794784546,0.2323736548423767,1,False
20150917_0600,9,5230,-114.09286499023438,54.40664291381836,0.24649715423583984,0.25404131412506104,1,False
20150917_1500,8,9449,-100.95453643798828,52.600711822509766,0.36356788873672485,0.3105657994747162,1,False
20150917_1800,8,3823,-119.70601654052734,56.946533203125,0.2862030565738678,0.2568069398403168,1,False
20150917_1800,8,4338,-117.43999481201172,59.57487106323242,0.3557674288749695,0.34706661105155945,1,False
20150917_1800,8,9449,-100.95453643798828,52.600711822509766,0.3413359522819519,0.3107563555240631,1,False
20150917_1800,9,3823,-119.57514953613281,56.732688903808594,0.2623134255409241,0.24854838848114014,1,True
20150917_1800,9,4813,-115.58916473388672,57.425357818603516,0.2724605202674866,0.2289346307516098,1,False
20150917_1800,9,5230,-114.09286499023438,54.40664291381836,0.2631979286670685,0.24967534840106964,1,False
20150917_1800,9,6548,-109.60177612304688,55.9233512878418,0.3273049592971802,0.28948941826820374,1,False
20150918_0300,8,3823,-119.69876098632812,56.93465042114258,0.2798515856266022,0.2572233974933624,1,False
20150918_0300,8,4338,-117.43999481201172,59.57487106323242,0.30475640296936035,0.3446408808231354,1,False
20150918_0300,8,4813,-115.58917236328125,57.42535400390625,0.19126911461353302,0.2352280467748642,1,False
20150918_0300,8,5230,-114.09286499023438,54.40664291381836,0.2426973283290863,0.2383141666650772,1,False
20150918_0300,9,6548,-109.60177612304688,55.92334747314453,0.31934624910354614,0.2841128408908844,1,False
20150918_0300,9,9449,-100.95453643798828,52.600711822509766,0.34362173080444336,0.3033469021320343,1,False
20150918_0600,8,3823,-119.69874572753906,56.93465042114258,0.2753656804561615,0.2615722715854645,1,False
20150918_0600,8,4338,-117.43999481201172,59.57487106323242,0.3039664030075073,0.3305581510066986,1,False
20150918_0600,8,4813,-115.61409759521484,57.41233444213867,0.2146836370229721,0.2188444286584854,1,False
20150918_0600,9,6548,-109.60177612304688,55.92334747314453,0.3213851749897003,0.28914874792099,1,False
20150918_1800,8,3823,-119.69874572753906,56.93465042114258,0.2915506958961487,0.26641398668289185,1,False
20150918_1800,8,4338,-117.43999481201172,59.57487106323242,0.38622593879699707,0.3314499855041504,1,False
20150918_1800,8,4813,-115.58915710449219,57.42535400390625,0.2599397599697113,0.2269333451986313,1,False
20150918_1800,8,5230,-114.09286499023438,54.406646728515625,0.256363183259964,0.23707552254199982,1,False
20150918_1800,8,9449,-100.95453643798828,52.600711822509766,0.32188934087753296,0.29034098982810974,1,False
20150918_1800,9,5230,-114.09286499023438,54.406646728515625,0.2803271412849426,0.23707552254199982,1,False
20150918_1800,9,6548,-109.60177612304688,55.9233512878418,0.32932889461517334,0.2849544286727905,1,False
20150918_1800,9,9449,-100.95453643798828,52.600711822509766,0.3457082509994507,0.29034098982810974,1,False
20150919_0300,8,4338,-117.43999481201172,59.57487106323242,0.3584924042224884,0.3416615426540375,1,False
20150919_0300,8,4813,-115.58917236328125,57.42535400390625,0.22115610539913177,0.2302221655845642,1,False
20150919_0300,8,5230,-114.09286499023438,54.40664291381836,0.21627011895179749,0.2390848845243454,1,False
20150919_0300,8,6548,-109.60177612304688,55.92334747314453,0.26775169372558594,0.28011637926101685,1,False
20150919_0300,9,3823,-119.69874572753906,56.93465042114258,0.3037099838256836,0.26259735226631165,1,False
20150919_0300,9,9449,-100.95453643798828,52.600711822509766,0.29299578070640564,0.2888209819793701,1,False
20150919_0600,8,3823,-119.69874572753906,56.93465042114258,0.26375827193260193,0.2722824811935425,1,False
20150919_0600,8,4338,-117.43999481201172,59.57487106323242,0.3678794503211975,0.345150351524353,1,False
20150919_0600,8,4813,-115.58915710449219,57.42535400390625,0.2438405156135559,0.2288285493850708,1,False
20150919_0600,8,5230,-114.09286499023438,54.40664291381836,0.22993595898151398,0.22826407849788666,1,False
20150919_1500,9,9449,-100.95453643798828,52.600711822509766,0.32387280464172363,0.28511977195739746,1,False
20150919_1800,8,3823,-119.69874572753906,56.93465042114258,0.26824742555618286,0.2695005238056183,1,False
20150919_1800,8,4338,-117.43998718261719,59.57487106323242,0.35461118817329407,0.3464193344116211,1,False
20150919_1800,8,4813,-115.58916473388672,57.42535400390625,0.273101270198822,0.22961300611495972,1,False
20150919_1800,8,5230,-114.09286499023438,54.40664291381836,0.24554187059402466,0.22863060235977173,1,False
20150919_1800,8,6548,-109.60177612304688,55.92334747314453,0.31128498911857605,0.2651110589504242,1,False
20150919_1800,9,3823,-119.69874572753906,56.93465042114258,0.27527880668640137,0.2695005238056183,1,False
20150919_1800,9,6548,-109.55728149414062,55.869049072265625,0.3612136244773865,0.24228094518184662,1,True
20150920_0300,8,6548,-109.60177612304688,55.92334747314453,0.31391414999961853,0.28608939051628113,1,False
20150920_0300,8,9449,-100.95453643798828,52.600711822509766,0.27347010374069214,0.27526915073394775,1,False
20150920_0300,9,3823,-119.69876098632812,56.93465042114258,0.27767622470855713,0.2553102374076843,1,False
20150920_0300,9,4338,-117.43999481201172,59.57487106323242,0.35064753890037537,0.33997681736946106,1,False
20150920_0300,9,4813,-115.58917236328125,57.42535400390625,0.2174251675605774,0.23024864494800568,1,False
20150920_0300,9,5230,-114.09286499023438,54.40664291381836,0.23784054815769196,0.2218109518289566,1,False
20150920_0300,9,9449,-100.95453643798828,52.600711822509766,0.2660857141017914,0.27526915073394775,1,False
20150920_0600,8,4813,-115.58915710449219,57.42535400390625,0.2078627347946167,0.2240808606147766,1,False
20150920_0600,8,5230,-114.09286499023438,54.40664291381836,0.22956791520118713,0.2273910790681839,1,False
20150920_0600,8,6548,-109.60177612304688,55.92334747314453,0.3775762915611267,0.29287824034690857,1,False
20150920_0600,9,3823,-119.69874572753906,56.93465042114258,0.2785128951072693,0.2600908875465393,1,False
20150920_1800,8,4813,-115.5675048828125,57.39421463012695,0.29645147919654846,0.22763174772262573,1,False
20150920_1800,8,5230,-114.09286499023438,54.406646728515625,0.2206505835056305,0.2352011650800705,1,False
20150920_1800,8,6548,-109.60177612304688,55.9233512878418,0.29567861557006836,0.2890487611293793,1,False
20150920_1800,9,3823,-119.69874572753906,56.93465042114258,0.32323208451271057,0.2613210380077362,1,False
20150920_1800,9,4338,-117.43999481201172,59.57487106323242,0.34673023223876953,0.3489292860031128,1,False
20150920_1800,9,4813,-115.58916473388672,57.425357818603516,0.24704411625862122,0.22423434257507324,1,False
20150920_1800,9,9449,-100.95453643798828,52.600711822509766,0.3195280432701111,0.2699461281299591,1,False
20150921_0300,8,6548,-109.60177612304688,55.92334747314453,0.2616144120693207,0.276529461145401,1,False
20150921_0300,8,9449,-100.95453643798828,52.600711822509766,0.26219603419303894,0.2769743800163269,1,False
20150921_0300,9,3823,-119.69876098632812,56.93465042114258,0.2784678339958191,0.26872676610946655,1,False
20150921_0300,9,4813,-115.58917236328125,57.42535400390625,0.23118875920772552,0.23599082231521606,1,False
20150921_0300,9,5230,-114.09286499023438,54.40664291381836,0.3087461292743683,0.2319648712873459,1,False
20150921_0300,9,6548,-109.60177612304688,55.92334747314453,0.28163084387779236,0.276529461145401,1,False
20150921_0600,9,3823,-119.69874572753906,56.93465042114258,0.232147678732872,0.26983439922332764,1,False
20150921_0600,9,4813,-115.58915710449219,57.42535400390625,0.2506915330886841,0.2363114356994629,1,False
20150921_0600,9,5230,-114.09286499023438,54.40664291381836,0.3010171353816986,0.2653469741344452,1,False
20150921_1500,8,9449,-100.95453643798828,52.600711822509766,0.22920672595500946,0.27695783972740173,1,False
20150921_1800,8,6548,-109.60177612304688,55.92334747314453,0.3092409372329712,0.2792804539203644,1,False
20150921_1800,9,4338,-117.43999481201172,59.57487106323242,0.3553393483161926,0.34845101833343506,1,False
20150921_1800,9,4813,-115.58916473388672,57.425357818603516,0.33875513076782227,0.2491815686225891,1,False
20150921_1800,9,5230,-114.1103744506836,54.43255615234375,0.2647666931152344,0.25765469670295715,1,False
20150921_1800,9,6548,-109.60177612304688,55.92334747314453,0.32010510563850403,0.2792804539203644,1,False
20150921_1800,9,9449,-100.95453643798828,52.600711822509766,0.2852851152420044,0.2590802311897278,1,False
20150922_0300,8,5230,-114.09286499023438,54.40664291381836,0.2601807713508606,0.24399155378341675,1,False
20150922_0300,8,9449,-100.95453643798828,52.600711822509766,0.23989689350128174,0.2585328221321106,1,False
20150922_0300,9,6548,-109.60177612304688,55.92334747314453,0.2633799612522125,0.2847062945365906,1,False
20150922_0300,9,9449,-100.95453643798828,52.600711822509766,0.2865816652774811,0.2585328221321106,1,False
20150922_1500,8,9449,-100.95453643798828,52.600711822509766,0.22257794439792633,0.262130469083786,1,False
20150922_1800,8,4338,-117.43999481201172,59.57487106323242,0.3367386758327484,0.3407766819000244,1,False
20150922_1800,8,4813,-115.60860443115234,57.45052719116211,0.30730462074279785,0.2528272271156311,1,False
20150922_1800,8,9449,-100.95453643798828,52.600711822509766,0.26692718267440796,0.24829216301441193,1,False
20150922_1800,9,4813,-115.58916473388672,57.425357818603516,0.27345943450927734,0.2565172016620636,1,False
20150922_1800,9,6548,-109.60177612304688,55.9233512878418,0.29020437598228455,0.2750040590763092,1,False
20150923_0300,8,4338,-117.43999481201172,59.57487106323242,0.3076820373535156,0.3360285758972168,1,False
20150923_0300,8,4813,-115.58915710449219,57.42535400390625,0.1945095956325531,0.25645914673805237,1,False
20150923_0300,8,5230,-114.09286499023438,54.40664291381836,0.24269913136959076,0.24541084468364716,1,False
20150923_0300,8,6548,-109.62364196777344,55.90507507324219,0.275929719209671,0.2800394892692566,1,False
20150923_0300,9,6548,-109.60177612304688,55.92334747314453,0.2590405344963074,0.2744482457637787,1,False
20150923_0300,9,9449,-100.95453643798828,52.600711822509766,0.214835986495018,0.2508256435394287,1,False
20150923_0600,8,5230,-114.19963073730469,54.41229248046875,0.21517452597618103,0.24286173284053802,1,False
20150923_1800,8,4338,-117.43999481201172,59.57487106323242,0.3537721335887909,0.3343021869659424,1,False
20150923_1800,8,4813,-115.58915710449219,57.42535400390625,0.21358340978622437,0.2500429153442383,1,False
20150923_1800,8,5230,-114.09286499023438,54.406646728515625,0.2541827857494354,0.2301456481218338,1,False
20150923_1800,9,5230,-114.09286499023438,54.406646728515625,0.2823997735977173,0.2301456481218338,1,False
20150923_1800,9,6548,-109.60177612304688,55.92334747314453,0.30227869749069214,0.2662787139415741,1,False
20150924_0300,8,4338,-117.43999481201172,59.57487106323242,0.3819971978664398,0.35743948817253113,1,False
20150924_0300,8,4813,-115.58917236328125,57.42535400390625,0.19876620173454285,0.2468584030866623,1,False
20150924_0300,8,5230,-114.09286499023438,54.40664291381836,0.2228512167930603,0.24134798347949982,1,False
20150924_0300,8,6548,-109.60177612304688,55.92334747314453,0.3319540023803711,0.27518948912620544,1,False
20150924_0300,9,3823,-119.69874572753906,56.93465042114258,0.2970435619354248,0.2641088366508484,1,False
20150924_0300,9,9449,-100.95453643798828,52.600711822509766,0.2496899664402008,0.30628731846809387,1,False
20150924_0600,8,3823,-119.69874572753906,56.93465042114258,0.4366007149219513,0.2721521854400635,1,False
20150924_0600,8,4338,-117.43999481201172,59.57487106323242,0.3801954686641693,0.35947009921073914,1,False
20150924_0600,8,4813,-115.58915710449219,57.42535400390625,0.1949426829814911,0.23232175409793854,1,False
20150924_0600,8,5230,-114.09286499023438,54.40664291381836,0.22472575306892395,0.23691381514072418,1,False
20150924_0600,8,6548,-109.60177612304688,55.92334747314453,0.30260545015335083,0.2819928228855133,1,False
20150924_1500,9,9449,-100.95453643798828,52.600711822509766,0.2694973945617676,0.27724599838256836,1,False
20150924_1800,8,3823,-119.69874572753906,56.93465042114258,0.3513195216655731,0.2934401035308838,1,False
20150924_1800,8,4338,-117.43998718261719,59.57487106323242,0.45392853021621704,0.3731929063796997,1,False
20150924_1800,8,4813,-115.58915710449219,57.42535400390625,0.2649405896663666,0.22812426090240479,1,False
20150924_1800,8,5230,-114.09286499023438,54.40664291381836,0.2460440993309021,0.23952972888946533,1,False
20150924_1800,8,6548,-109.60177612304688,55.9233512878418,0.32695120573043823,0.2809232175350189,1,False
20150924_1800,9,3823,-119.69874572753906,56.93465042114258,0.36473286151885986,0.2934401035308838,1,False
20150924_1800,9,4338,-117.43998718261719,59.57487106323242,0.47943365573883057,0.3731929063796997,1,False
20150924_1800,9,9449,-100.95453643798828,52.600711822509766,0.2657293975353241,0.27147987484931946,1,False
20150924_2100,9,4338,-117.60650634765625,59.707740783691406,0.3835315406322479,0.3854064643383026,1,False
20150925_0300,8,6548,-109.60177612304688,55.92334747314453,0.32173052430152893,0.27864083647727966,1,False
20150925_0300,8,9449,-100.95453643798828,52.600711822509766,0.24539579451084137,0.2698414623737335,1,False
20150925_0300,9,3823,-119.69874572753906,56.93465042114258,0.3389212489128113,0.2965075671672821,1,False
20150925_0300,9,4813,-115.58917236328125,57.42535400390625,0.2814923822879791,0.2320002168416977,1,False
20150925_0300,9,5230,-114.09286499023438,54.40664291381836,0.24927568435668945,0.23093073070049286,1,False
20150925_0300,9,9449,-100.92093658447266,52.63069534301758,0.2770503759384155,0.2734204828739166,1,False
20150925_0600,8,5230,-113.96685028076172,54.52497482299805,0.2504006028175354,0.23901574313640594,1,True
20150925_0600,8,6548,-109.60177612304688,55.92334747314453,0.3207923471927643,0.28620418906211853,1,False
20150925_0600,9,4338,-117.57534790039062,59.61975860595703,0.4494028687477112,0.38843944668769836,1,False
20150925_1800,8,5230,-114.09286499023438,54.406646728515625,0.24723951518535614,0.2392498105764389,1,False
20150925_1800,8,6548,-109.60177612304688,55.9233512878418,0.3104822039604187,0.28461194038391113,1,False
20150925_1800,9,3823,-119.69874572753906,56.93465042114258,0.3442249894142151,0.2929527461528778,1,False
20150925_1800,9,4338,-117.43999481201172,59.57487106323242,0.43963757157325745,0.37211623787879944,1,False
20150925_1800,9,4813,-115.58916473388672,57.425357818603516,0.3034294843673706,0.25579535961151123,1,False
20150925_1800,9,5230,-114.17323303222656,54.415863037109375,0.2712225019931793,0.24195818603038788,1,False
20150925_1800,9,9449,-100.95453643798828,52.600711822509766,0.2865467369556427,0.2646993398666382,1,False
20150926_0300,8,3823,-119.73826599121094,56.794898986816406,0.30641648173332214,0.29708173871040344,1,False
20150926_0300,8,9449,-100.95453643798828,52.600711822509766,0.2997092604637146,0.2607998549938202,1,False
20150926_0300,9,3823,-119.68120574951172,56.964683532714844,0.315236359834671,0.27833813428878784,1,False
20150926_0300,9,4338,-117.43999481201172,59.57487106323242,0.3623858690261841,0.36453521251678467,1,False
20150926_0300,9,4813,-115.58915710449219,57.42535400390625,0.2558783292770386,0.2502366602420807,1,False
20150926_0300,9,5230,-114.09286499023438,54.40664291381836,0.238778755068779,0.24226774275302887,1,False
20150926_0300,9,6548,-109.60177612304688,55.92334747314453,0.30291733145713806,0.2782066762447357,1,False
20150926_0600,9,3823,-119.69874572753906,56.93465042114258,0.2634878158569336,0.28057798743247986,1,False
20150926_0600,9,4813,-115.58915710449219,57.42535400390625,0.25701576471328735,0.24825750291347504,1,False
20150926_0600,9,5230,-114.09286499023438,54.40664291381836,0.24444580078125,0.23884212970733643,1,False
20150926_1500,8,9449,-100.95453643798828,52.600711822509766,0.2791295647621155,0.2708365023136139,1,False
20150926_1800,8,6548,-109.60177612304688,55.92334747314453,0.2952856123447418,0.2754032611846924,1,False
20150926_1800,9,3823,-119.69874572753906,56.93465042114258,0.3062976002693176,0.2783926725387573,1,False
20150926_1800,9,4338,-117.43999481201172,59.57487106323242,0.38089537620544434,0.3606897294521332,1,False
20150926_1800,9,4813,-115.58915710449219,57.42535400390625,0.3106784224510193,0.24828101694583893,1,False
20150926_1800,9,5230,-114.09286499023438,54.40664291381836,0.2442564219236374,0.23925884068012238,1,False
20150926_1800,9,6548,-109.60177612304688,55.92334747314453,0.3029792308807373,0.2754032611846924,1,False
20150927_0300,8,3823,-119.69874572753906,56.93465042114258,0.25829100608825684,0.273102730512619,1,False
20150927_0300,8,4813,-115.58917236328125,57.42535400390625,0.21103732287883759,0.24687133729457855,1,False
20150927_0300,8,5230,-114.09286499023438,54.40664291381836,0.24103689193725586,0.22409935295581818,1,False
20150927_0300,8,9449,-100.95453643798828,52.600711822509766,0.2523122727870941,0.25619378685951233,1,False
20150927_0300,9,6548,-109.60177612304688,55.92334747314453,0.3047961890697479,0.2683458626270294,1,False
20150927_0300,9,9449,-100.95453643798828,52.600711822509766,0.2687930166721344,0.25619378685951233,1,False
20150927_0600,8,3823,-119.69874572753906,56.93465042114258,0.29661262035369873,0.2691861093044281,1,False
20150927_0600,9,4813,-115.58915710449219,57.42535400390625,0.22306784987449646,0.2325323075056076,1,False
20150927_0600,9,5230,-114.09286499023438,54.40664291381836,0.24437342584133148,0.22805030643939972,1,False
20150927_0600,9,6548,-109.60177612304688,55.92334747314453,0.32737696170806885,0.27759695053100586,1,False
20150927_1500,8,9449,-100.95453643798828,52.600711822509766,0.22873684763908386,0.2591383755207062,1,False
20150927_1800,8,3823,-119.69874572753906,56.93465042114258,0.24316024780273438,0.27150294184684753,1,False
20150927_1800,8,4813,-115.58916473388672,57.425357818603516,0.1945095956325531,0.2313496321439743,1,False
20150927_1800,8,9449,-100.95453643798828,52.600711822509766,0.2773898243904114,0.24355532228946686,1,False
20150927_1800,9,4813,-115.58916473388672,57.425357818603516,0.20578327775001526,0.2313496321439743,1,False
20150927_1800,9,5230,-114.09286499023438,54.406646728515625,0.22178004682064056,0.2250981330871582,1,False
20150927_1800,9,6548,-109.60177612304688,55.9233512878418,0.2959737777709961,0.2853986918926239,1,False
20150928_0300,8,5230,-114.08306884765625,54.331153869628906,0.2037253975868225,0.2054828405380249,1,True
20150928_0300,9,9449,-100.95453643798828,52.600711822509766,0.26395636796951294,0.24323928356170654,1,False
20150928_1800,8,3823,-119.69874572753906,56.93465042114258,0.2934083044528961,0.2573765814304352,1,False
20150928_1800,8,4813,-115.58916473388672,57.42535400390625,0.22251754999160767,0.22229303419589996,1,False
20150928_1800,8,5230,-114.09286499023438,54.406646728515625,0.21252450346946716,0.22609548270702362,1,False
20150928_1800,8,9449,-100.95453643798828,52.600711822509766,0.23715069890022278,0.24831509590148926,1,False
20150928_1800,9,5230,-114.0636978149414,54.363460540771484,0.23872725665569305,0.22371959686279297,1,True
20150928_1800,9,6548,-109.60177612304688,55.92334747314453,0.27066606283187866,0.2685948312282562,1,False
20150928_1800,9,9449,-100.95453643798828,52.600711822509766,0.22101224958896637,0.24831509590148926,1,False
20150929_0300,8,4813,-115.58917236328125,57.42535400390625,0.24417176842689514,0.2210938185453415,1,False
20150929_0300,9,3823,-119.69874572753906,56.93465042114258,0.3419300615787506,0.26691916584968567,1,False
20150929_0300,9,9449,-100.95453643798828,52.600711822509766,0.19461950659751892,0.23454612493515015,1,False
20150929_0600,8,4813,-115.58915710449219,57.42535400390625,0.2811676859855652,0.22892899811267853,1,False
20150929_0600,8,5230,-114.09286499023438,54.40664291381836,0.21495363116264343,0.2234811931848526,1,False
20150929_0600,8,6548,-109.60177612304688,55.92334747314453,0.2595607042312622,0.250650018453598,1,False
20150929_1500,9,9449,-100.95453643798828,52.600711822509766,0.25171488523483276,0.22319872677326202,1,False
20150929_1800,8,3823,-119.58309173583984,56.87481689453125,0.34606075286865234,0.26028257608413696,1,True
20150929_1800,8,4813,-115.58916473388672,57.425357818603516,0.3168228566646576,0.24097156524658203,1,False
20150929_1800,8,5230,-114.09286499023438,54.406646728515625,0.22229862213134766,0.23778767883777618,1,False
20150929_1800,8,6548,-109.60177612304688,55.92334747314453,0.3175155520439148,0.2603056728839874,1,False
20150929_1800,9,3823,-119.69874572753906,56.93465042114258,0.34582966566085815,0.2841169536113739,1,False
20150929_1800,9,9449,-100.95453643798828,52.600711822509766,0.2524202764034271,0.23305541276931763,1,False
20150930_0300,8,6548,-109.6017837524414,55.9233512878418,0.29442882537841797,0.275591105222702,1,False
20150930_0300,8,9449,-100.95453643798828,52.600711822509766,0.23974007368087769,0.2383420318365097,1,False
20150930_0300,9,3823,-119.69876098632812,56.93465042114258,0.3800271153450012,0.2837051451206207,1,False
20150930_0300,9,4813,-115.58917236328125,57.42535400390625,0.2971731424331665,0.2469819188117981,1,False
20150930_0300,9,5230,-114.09286499023438,54.40664291381836,0.21772360801696777,0.2229599505662918,1,False
20150930_0600,9,3823,-119.69874572753906,56.93465042114258,0.36959758400917053,0.29390373826026917,1,False
20150930_1800,8,5230,-114.09286499023438,54.406646728515625,0.23390419781208038,0.22473043203353882,1,False
20150930_1800,8,6548,-109.60177612304688,55.9233512878418,0.3230973184108734,0.27715563774108887,1,False
20150930_1800,8,9449,-100.95208740234375,52.70429229736328,0.2862628400325775,0.23428642749786377,1,True
20150930_1800,9,3823,-119.69874572753906,56.93465042114258,0.4022250175476074,0.28800785541534424,1,False
20150930_1800,9,4338,-117.43999481201172,59.57487106323242,0.44362786412239075,0.3692947328090668,1,False
20150930_1800,9,4813,-115.58916473388672,57.42535400390625,0.3559265732765198,0.2506552040576935,1,False
20150930_1800,9,5230,-114.09286499023438,54.406646728515625,0.21757718920707703,0.22473043203353882,1,False
20150930_1800,9,9449,-100.95453643798828,52.600711822509766,0.27373749017715454,0.2431168109178543,1,False
